objective,nodes_to_best,edges_to_best,nodes_avg,edges_avg
6026,138,96,147.284,100.589
5093,144,101,152.38,102.591
7501,144,117,147.81,106.826
5053,142,101,152.471,104.397
7096,140,99,148.559,104.142
6511,136,99,144.886,99.4755
7036,139,105,147.527,105.535
5120,141,105,149.85,100.98
6017,141,97,149.231,100.019
7842,146,116,149.79,103.733
6106,140,97,150.862,103.197
5714,146,110,152.828,102.619
5739,141,105,149.542,100.946
5417,140,102,148.89,99.7057
6364,143,96,150.372,102.867
5768,144,99,154.388,105.913
6183,144,111,147.486,97.2202
6336,144,105,149.064,102.293
6758,140,110,148.826,106.793
6117,144,101,152.732,107.038
5784,145,106,152.063,103.408
4994,142,93,152.99,102.99
5976,145,114,152.278,105.762
6201,144,102,151.754,101.253
6608,147,110,150.157,102.473
6512,142,108,151.889,107.495
5051,142,100,150.72,100.62
5446,136,94,145.053,98.3033
6285,141,106,147.603,100.616
5968,141,97,149.385,101.671
6069,144,110,152.375,105.019
6081,143,100,151.52,104.129
5637,137,96,145.05,97.8819
5078,143,100,152.58,104.052
5675,139,92,151.04,102.386
5586,139,91,150.47,100.539
5921,139,97,147.52,99.7698
6519,139,106,147.319,98.5556
6468,139,97,148.588,103.127
5093,143,101,151.792,102.205
6348,140,101,149.692,103.55
5929,141,103,149.736,100.851
5203,140,96,148.489,98.8208
5367,139,101,148.334,101.457
4993,142,100,147.215,96.6727
6660,137,97,144.716,99.3934
5127,144,94,151.616,98.7588
5046,144,106,150.899,100.866
5745,146,106,151.328,99.976
5325,140,88,152.095,101.055
5333,140,104,148.07,97.4975
5988,139,95,149.502,100.997
5704,142,110,151.518,106.974
5623,139,96,149.774,100.567
7265,144,107,151.432,108.211
6177,143,106,150.328,100.37
6403,139,95,147.411,99.1071
6694,141,104,150.752,106.686
5599,145,108,153.446,104.608
4936,143,94,153.994,104.267
7178,145,119,146.882,101.669
4741,141,95,147.653,95.7658
6993,140,103,150.42,104.908
6683,137,102,146.724,101.416
5511,145,112,151.361,105.375
6082,139,94,151.759,104.11
4926,145,97,155.127,106.246
5558,142,106,153.327,107.948
6876,140,111,148.243,105.003
5219,143,101,152.063,102.377
5051,138,94,148.509,99.4354
5998,143,107,151.789,104.059
5921,144,103,150.642,102.081
6914,142,106,153.108,109.787
5782,142,100,150.402,102.212
6413,140,102,147.812,101.525
6071,143,108,151.309,106.075
5697,141,103,148.21,101.468
7520,142,112,147.493,105.864
5489,138,92,147.594,97.7628
4817,142,97,152.47,100.082
5691,143,108,150.241,103.526
5639,143,101,151.202,101.391
6480,137,98,147.419,102.153
6693,144,108,154.609,107.001
6447,139,95,144.659,99.1261
4791,138,87,146.634,92.5946
6761,144,107,152.652,106.576
6964,139,96,148.124,102.236
5265,142,99,152.085,101.728
6378,141,109,143.342,99.8438
6378,139,101,150.242,106.689
5727,138,95,146.855,99.2142
6118,143,107,147.771,99.4625
5824,139,108,147.676,100.623
5219,137,88,146.035,95.5906
6565,138,97,149.44,103.878
4636,141,97,151.466,101.682
6394,143,109,147.93,102.343
6418,142,105,151.807,105.304
6195,142,98,150.604,100.137
5109,144,96,151.71,100.401
5459,142,95,152.118,102.775
6712,145,116,150.67,105.56
6472,138,96,149.162,103.001
5328,146,107,151.239,102.194
6454,145,116,152.564,109.448
5551,143,98,151.551,100.678
7291,144,115,147.364,104.786
6101,139,105,148.562,103.811
6692,138,100,143.561,95.6106
5011,146,102,153.076,99.969
4555,143,94,154.583,103.143
7007,141,104,148.14,103.709
6897,143,108,150.253,105.216
6707,143,113,152.385,109.819
5508,146,105,153.4,104.666
6557,143,99,152.7,105.11
5483,146,105,153.007,102.04
5940,139,98,149.103,100.515
6149,143,105,153.957,107.687
6520,144,117,151.354,105.037
5163,145,107,152.157,102.008
6544,147,111,150.785,102.368
5500,146,110,151.612,103.661
7653,143,113,149.215,108.135
5993,139,98,147.954,101.837
5643,145,104,150.459,101.536
6152,140,107,146.151,98.5906
5049,144,101,151.322,100.625
5939,139,94,149.911,100.997
6549,141,102,146.628,100.132
6491,139,106,150.096,104.664
5821,143,101,148.784,98.2513
6051,142,105,149.52,102.059
6443,142,104,146.707,99.7147
5899,142,108,152.454,107.799
5463,145,96,153.957,104.508
4956,140,91,153.361,101.647
7129,141,106,148.576,106.056
4572,142,97,152.875,101.146
5660,142,100,150.867,102.608
6335,145,106,152.268,104.482
5633,141,102,152.2,105.562
5624,135,91,145.925,99.7037
7252,144,107,152.037,108.351
6377,144,111,149.246,103.331
5948,139,98,150.698,105.317
6511,144,113,151.254,106.957
6158,144,98,152.884,102.833
5350,145,105,152.617,105.486
5346,140,94,150.324,101.14
5087,134,95,144.187,95.7377
6080,140,99,148.814,101.218
6107,141,102,150.396,104.894
5607,141,101,151.216,102.584
4437,142,96,152.61,102.486
6746,139,106,150.246,105.399
5885,142,102,151.583,105.287
7064,142,106,150.701,106.244
6759,144,103,150.559,102.471
5392,139,95,150.451,102.294
5066,145,106,148.735,99.4925
6407,140,100,150.419,103.998
4212,144,96,153.053,102.099
5436,137,85,149.274,99.9179
6127,140,101,150.089,102.842
5397,141,104,151.08,101.675
6553,143,97,151.318,104.636
5503,143,104,152.355,105.384
6605,144,111,149.271,104.587
6395,138,96,145.696,100.637
6773,140,101,151.721,107.293
6370,144,104,150.694,102.659
5792,142,103,150.259,103.183
6396,143,99,150.711,104.372
6013,141,108,149.605,102.549
5497,140,98,151.591,103.864
6231,146,117,149.628,104.234
6425,139,101,145.168,95.2903
5634,143,94,154.16,102.461
5828,144,109,152.122,104.285
6072,145,117,152.221,105.231
5389,145,96,150.025,97.5876
5422,145,108,156.146,109.162
6652,142,106,152.292,107.822
7171,141,109,152.061,109.391
6951,139,103,149.521,103.451
5318,145,101,153.183,105.976
5844,143,94,151.415,101.975
6348,138,105,149.245,105.48
5907,142,96,151.624,100.42
6813,140,104,147.182,98.7608
5261,145,113,155.2,108.853
6726,139,100,147.588,103.897
5737,141,95,152.107,105.373
6124,139,105,149.106,106.304
6159,141,97,152.511,103.619
5253,144,97,149.353,99.8869
5896,137,90,148.644,98.1061
6139,141,99,150.464,105.789
6663,142,103,150.302,101.908
7273,145,112,151.249,106.83
6260,141,100,151.655,107.557
6422,143,107,151.367,105.024
5618,138,99,149.966,103.052
5597,135,95,145.31,98.5225
5950,138,99,144.837,96.7668
5408,143,103,152.79,105.895
6375,140,102,151.071,105.967
4845,142,101,150.35,101.973
6756,143,117,148.663,102.8
5870,141,101,152.189,107.019
6301,141,98,151.297,104.32
5431,142,99,149.158,98.2152
4890,142,104,151.271,99.8719
4927,142,90,150.719,97.3884
5173,143,106,149.56,101.005
6059,139,99,150.947,105.425
5830,143,102,150.779,102.146
5958,143,107,152.007,106.823
6773,142,108,147.079,101.668
5263,145,101,152.763,99.3093
5935,141,105,148.582,104.198
6425,145,111,154.3,107.426
4773,141,101,150.156,99.6386
6039,140,100,149.349,101.626
5976,141,97,150.951,105.564
5217,142,101,151.603,104.667
5265,140,97,150.498,102.354
5616,144,108,153.221,107.29
5710,144,102,152.013,104.665
5906,139,95,148.85,103.799
6196,145,101,153.221,102.455
6453,145,103,150.946,104.33
6786,141,109,148.089,107.055
5800,139,92,152.761,105.114
5672,144,112,152.63,107.091
5991,143,102,150.554,99.2102
5510,140,100,147.498,96.8218
6735,140,100,149.305,105.689
6715,139,105,146.797,101.332
6353,141,102,147.207,100.299
5437,144,103,154.049,103.97
7117,141,109,148.391,102.647
7074,142,107,148.76,105.37
5365,140,94,149.172,98.3343
6597,140,96,149.503,102.182
5884,141,96,149.818,100.593
5552,143,105,153.949,108.011
6514,145,100,153.034,105.016
5635,142,101,151.343,105.344
6105,143,104,151.079,102.846
5628,142,103,150.203,101.301
4881,143,101,152.958,102.419
6737,143,107,152.02,106.132
4172,144,94,153.289,98.7868
6266,142,108,149.361,101.673
5826,143,97,149.528,99.6707
5852,145,112,152.146,104.452
5616,143,95,153.869,103.976
5087,138,91,150.018,98.976
6094,134,87,146.503,100.424
6654,138,98,150.233,106.787
6246,146,109,153.063,107.492
7009,140,102,148.108,104.055
6914,138,101,149.766,104.581
5390,143,103,152.429,102.967
5924,139,97,146.582,98.952
6769,143,107,149.839,102.442
6200,142,100,149.88,103.617
6270,141,101,149.956,102.946
5710,146,107,153.316,105.206
6097,140,103,147.562,103.59
6458,141,104,149.62,104.589
6087,137,88,147.606,99.3443
6377,143,94,151.629,101.111
5363,143,100,152.096,103.057
5723,146,111,150.459,103.397
6075,144,110,152.622,104.65
5653,142,99,148.37,97.0831
6323,141,106,148.524,102.956
5692,133,86,140.747,91.1752
5890,138,102,150.035,104.884
5621,145,114,152.084,104.852
6018,144,104,149.285,101.144
6805,136,85,148.173,101.785
5828,142,99,151.376,103.459
6320,143,113,147.149,98.5906
6489,137,100,145.908,100.081
6298,144,106,151.389,105.055
5367,143,96,152.777,103.587
7726,143,114,149.205,107.68
5976,143,103,151.472,104.229
6250,134,93,142.464,95.2843
5643,141,100,148.939,98.6066
5818,146,108,151.224,101.754
6331,143,98,152.626,105.019
6046,141,94,150.462,99.3453
6045,143,103,151.463,104.809
5469,137,89,150.134,100.722
6120,141,112,148.806,104.248
5265,146,99,153.934,103.37
6111,138,96,147.635,101.908
5091,137,94,145.768,98.2723
5431,138,91,150.283,103.217
5846,138,98,147.292,103.521
6149,142,101,152.026,105.74
6489,138,100,145.058,100.693
4792,143,96,153.493,102.321
5782,147,110,151.177,105.481
5204,143,102,155.959,108.845
6386,140,106,147.958,104.122
6001,141,97,149.538,100.315
6522,142,98,150.61,104.116
5895,138,94,148.939,102.712
6229,140,107,148.098,102.915
5959,141,98,150.262,104.141
5788,145,107,154.301,106.841
5536,144,99,153.94,105.926
5781,140,98,151.85,105.948
5978,140,100,150.714,103.801
7081,145,113,148.843,105.694
5335,144,109,150.204,102.938
6482,142,99,151.553,105.342
5690,142,97,151.59,103.23
5794,141,104,151.419,105.335
6223,143,100,152.094,103.744
5474,147,111,155.756,106.346
5499,142,100,149.226,100.071
6502,143,104,152.164,103.495
5996,143,102,151.765,103.341
5388,143,104,151.915,102.299
6095,144,111,151.564,107.604
6191,135,93,146.731,102.305
6975,139,103,147.522,103.262
5416,139,96,149.951,98.022
5451,145,106,153.912,107.035
4988,141,95,150.963,101.9
5949,143,106,150.047,103.999
5651,142,94,153.559,103.949
5344,142,102,151.321,102.287
4485,141,94,150.123,98.2973
5376,142,95,152.983,103.717
5713,142,101,152.427,104.723
3263,141,89,152.404,97.6727
5330,143,98,150.914,100.347
4895,143,99,151.972,102.184
6132,138,96,147.074,99.1782
6015,141,96,152.708,103.744
6016,141,105,148.28,101.338
6125,141,99,151.453,104.318
6131,145,107,153.337,107.981
5473,144,103,151.046,103.02
5295,143,94,151.523,100.462
6529,141,106,151.845,108.252
6375,141,101,153.492,107.256
5587,143,107,152.363,104.062
5204,143,104,154.003,108.459
5735,143,114,148.212,102.243
5471,142,100,152.106,105.418
6279,140,103,149.199,100.935
4572,145,99,154.746,103.346
5749,144,105,155.408,106.671
6077,144,109,153.902,109.617
6576,141,101,150.1,105.629
6469,138,97,146.983,101.666
6759,146,121,150.679,107.506
6231,138,97,147.837,101.503
5390,140,94,147.577,97.8458
5100,144,101,153.005,104.977
6071,143,98,152.721,104.122
5968,142,95,151.382,103.72
5253,145,98,154.234,104.44
6150,143,108,153.69,107.71
5070,144,102,152.927,103.206
6310,139,100,148.925,103.151
6412,138,102,146.441,100.818
6960,140,107,147.591,102.998
6518,136,95,143.597,98.4595
5395,140,95,150.793,102.47
6469,142,115,149.548,102.374
6023,140,99,149.895,102.938
6177,145,105,154.187,108.314
7249,142,112,149.993,107.116
5475,146,106,152.412,102.409
5601,143,95,152.826,104.155
7026,142,104,148.551,103.481
6675,142,113,146.855,101.815
6029,139,93,150.82,104.06
5651,143,101,153.101,105.327
6933,139,100,148.903,105.596
7322,138,102,150.284,107.89
6374,142,109,149.223,105.369
4671,138,94,148.56,98.1131
6285,144,112,150.896,106.264
6212,144,103,151.276,106.233
5967,144,98,150.585,98.2012
6000,143,101,151.651,102.51
6458,145,106,148.695,102.616
4814,144,98,151.335,102.019
7235,141,100,152.673,109.516
6978,135,95,149.83,106.153
6531,140,98,146.48,100.073
6579,140,108,151.712,108.232
6876,144,103,151.566,105.346
5560,144,99,153.033,103.884
6754,142,103,153.926,110.933
6194,143,104,149.78,104.315
6379,138,94,149.365,101.12
5529,138,97,150.499,103.992
5546,139,96,150.962,103.118
5884,141,95,149.857,99.9019
5940,144,104,149.74,102.65
6963,138,98,147.78,100.573
5663,144,102,150.667,101.341
5498,143,100,151.019,98.7057
6963,146,112,151.56,106.914
4574,141,95,148.703,96.8018
6401,143,112,151.994,105.679
6423,139,95,151.281,102.731
6137,143,102,147.445,95.0671
4696,143,102,150.348,99.033
4617,141,92,151.659,99.9149
5358,138,92,149.366,101.339
5235,141,96,148.831,98.7618
6375,142,104,149.293,100.496
6108,142,101,152.082,103.316
4351,136,92,149.369,100.457
5005,143,108,151.885,98.5215
5691,142,99,152.917,104.138
6013,143,107,152.597,104.116
5176,142,93,150.897,99.7958
6053,143,99,151.243,101.183
5967,145,102,150.592,100.875
6522,138,101,146.427,101.304
5768,140,96,151.192,101.909
6192,138,102,147.943,103.896
4991,137,94,149.873,97.5706
5000,146,103,153.576,100.548
4663,144,101,150.571,97.4364
4488,145,99,151.779,100.49
6027,142,98,154.112,106.419
6874,142,103,148.37,102.376
6326,138,97,143.847,95.4745
5366,143,102,148.813,101.049
6154,143,102,149.799,96.975
4961,144,102,155.277,106.691
6642,143,103,152.685,106.591
5535,143,99,150.56,102.364
4563,145,97,153.848,102.652
6641,141,102,149.233,102.306
6283,141,100,149.172,104.045
6660,143,109,149.158,103.397
5865,139,102,148.051,99.4765
6887,141,105,150.722,105.882
6150,147,114,151.737,101.735
4493,141,97,151.516,100.881
7188,146,125,149.393,107.646
6854,145,115,152.966,106.222
6077,137,90,148.587,101.687
5946,144,106,150.052,104.894
6523,140,98,151.717,106.712
5999,146,120,152.912,109.77
6361,141,93,150.013,103.55
6018,141,109,145.863,99.2683
5279,143,100,153.652,103.151
5259,138,99,145.563,97.2162
5605,143,102,150.517,99.5596
7090,139,93,149.831,103.801
5089,145,109,153.947,102.11
5966,137,95,148.91,101.472
6134,141,100,152.016,106.999
6624,136,98,147.851,102.215
6554,143,102,152.302,105.479
7182,143,111,153.456,109.708
6483,140,108,147.967,102.551
6193,141,100,150.248,103.967
6562,144,107,151.95,105.624
6862,141,108,150.732,107.536
4378,138,96,147.021,96.2422
5039,142,99,151.123,102.287
7035,142,117,147.786,101.809
6258,146,108,152.61,104.762
6184,145,104,153.886,106.068
5823,144,106,150.926,104.51
6980,139,107,141.149,94.9399
5951,136,89,143.72,95.5105
7049,142,104,151.866,107.21
6175,138,94,144.451,95.1602
6176,142,98,150.923,103.182
5578,143,99,150.834,101.935
4715,139,92,147.465,95.7608
4587,142,101,150.693,100.283
4415,146,106,152.213,104.487
6795,140,103,147.341,104.724
5592,145,106,150.111,101.723
6115,138,101,148.36,100.35
6300,139,94,149.275,100.581
5574,143,97,153.809,104.182
6062,140,90,149.96,101.144
5781,143,95,154.165,103.659
7543,135,95,145.555,103.944
5982,139,98,145.125,93.6316
5850,146,106,153.423,104.044
6614,138,100,144.815,98.4084
7068,139,105,150.973,109.193
5752,144,107,151.693,103.23
5582,143,107,153.179,104.426
5162,135,91,143.489,94.1842
5500,136,98,146.601,98.2963
5917,143,99,150.746,100.574
6083,142,104,149.636,103.417
6045,137,106,147.15,102.025
5481,141,90,149.649,98.3383
4940,137,84,149.535,97.3764
4886,144,96,153.502,100.687
5660,137,94,149.27,102.686
5526,145,108,152.279,105.058
5062,141,98,151.585,103.041
5168,142,96,150.945,101.784
5029,143,108,153.021,104.644
7385,141,107,149.278,105.8
6200,148,109,152.476,104.683
5535,143,104,152.457,103.057
5840,140,89,151.288,100.756
6295,141,103,151.744,104.84
5329,145,109,148.504,100.614
7044,144,114,151.995,106.161
6195,134,90,147.912,102.089
6816,145,113,150.882,106.143
6193,142,100,149.097,100.077
4196,142,96,151.886,98.7978
4739,145,102,152.699,101.14
6948,136,107,146.852,105.764
5306,139,92,149.831,100.536
7703,144,117,148.922,105.381
6728,146,113,149.503,101.111
6149,148,113,152.002,103.785
5041,140,91,152.389,102.944
4961,142,98,153.127,104.401
6195,137,95,146.923,99.8869
6755,142,107,145.691,96.5255
7110,138,95,145.903,99.5425
6188,138,98,149.312,104.42
5618,140,110,151.263,106.985
5447,140,97,151.883,102.37
7017,145,106,150.992,104.765
6694,140,101,150.269,104.358
5136,140,93,151.034,102.627
5543,145,106,152.93,104.653
7020,137,103,147.545,105.115
4634,143,103,152.722,104.25
5105,142,104,150.083,99.8949
5881,144,116,151.262,103.841
6328,137,97,147.622,102.781
6894,145,110,151.052,105.58
5221,138,90,150.344,101.086
7547,141,109,149.826,108.849
5899,142,100,152.639,106.777
6321,142,102,149.84,99.9119
5886,137,90,147.669,99.2653
5813,142,97,148.315,100.608
5708,143,96,151.755,102.933
6635,141,103,150.107,103.256
4987,139,88,151.486,101.016
6564,137,94,149.216,103.684
6008,141,94,150.702,101.591
5448,136,99,145.541,98.3974
6174,142,98,149.66,99.5075
5116,140,97,147.622,98.019
6011,142,107,152.321,107.099
4269,143,98,154.9,103.488
6121,141,106,152.238,108.998
6692,141,101,147.899,102.982
6289,144,106,152.472,105.934
5281,144,101,152.804,101.636
5686,141,106,150.447,107.212
5473,141,100,150.357,100.888
5975,140,98,147.817,100.182
6510,140,100,148.865,103.772
6100,142,99,148.035,97.996
4608,144,107,153.554,103.304
5530,142,101,151.257,105.991
5771,138,94,150.272,101.572
6008,140,99,147.255,98.6176
6185,144,113,152.961,108.191
5345,139,98,147.676,98.5425
5745,138,100,150.9,102.494
6355,138,99,147.921,103.331
6128,143,103,150.536,105.611
7228,144,111,150.172,104.447
5789,146,102,151.784,101.345
6583,146,119,150.892,104.375
5704,133,99,145.588,102.776
5642,145,106,152.327,105.235
6331,141,101,151.789,106.682
5783,146,117,153.298,105.799
6345,144,106,152.841,104.589
6429,133,97,141.838,94.971
7323,139,100,148.27,104.897
5408,143,98,153.032,101.297
6544,138,98,144.773,98.8258
6069,142,108,150.164,104.923
3250,139,88,152.009,97.983
6804,142,113,151.544,108.346
5854,140,93,147.204,98.7508
5808,143,96,152.654,102.809
6534,137,93,149.259,102.132
6018,137,99,148.093,103.025
7069,142,105,147.533,102.682
6747,142,105,152.817,107.759
5380,140,96,147.46,97.7798
7155,140,99,146.734,102.682
6313,142,97,150.774,101.04
6764,146,127,150.853,105.114
5968,144,105,153.019,105.793
6337,144,109,151.858,104.547
5978,140,99,150.393,103.841
5439,143,100,152.265,106.21
4919,142,101,151.659,102.385
6591,142,100,149.462,103.149
5850,136,96,146.838,101.38
6899,143,113,145.18,99.967
4924,142,99,153.732,106.928
6415,144,116,150.164,105.582
5282,145,104,153.862,104.683
6001,142,105,150.272,103.008
6673,140,101,147.256,103.077
5833,143,97,152.36,100.812
5533,140,96,149.838,102.516
5959,135,98,143.615,97.9099
6310,141,97,148.936,100.735
6037,145,102,152.252,103.035
5735,139,83,149.599,96.4274
6633,134,100,143.883,102.593
7108,141,99,151.13,105.233
6168,142,113,151.943,107.557
5390,141,102,151.629,104.105
4965,138,93,148.609,97.7417
6394,143,105,151.648,104.066
6939,140,101,147.938,103.174
6677,140,95,150.295,105.45
5196,143,105,151.528,102.312
6841,142,99,151.326,105.486
5936,143,106,149.542,100.744
5841,142,101,150.529,103.211
6649,142,96,149.101,99.8779
6440,138,96,147.832,102.174
5703,142,102,153.013,104.611
6422,137,99,145.393,99.002
4660,145,97,151.384,98.7057
4986,145,106,152.6,105.303
5194,140,97,149.772,99.7227
6732,138,99,148.231,103.528
5436,140,106,152.597,106.876
5798,144,101,152.023,103.139
6873,141,98,149.985,104.152
4127,138,85,149.12,92.6817
6085,141,99,151.949,106.217
6073,137,98,148.003,99.9159
5670,141,97,152.369,104.989
6454,142,101,149.266,102.781
6036,137,95,147.658,99.8659
6439,145,107,151.377,103.911
6338,143,101,150.879,104.249
6186,144,101,155.105,107.892
5961,142,107,147.47,102.359
5929,143,121,151.188,103.781
5203,141,87,150.224,95.9029
5601,140,98,150.129,105.802
7099,142,106,152.118,109.235
6024,143,97,153.672,105.39
5374,137,81,148.369,96.5876
6016,139,93,150.219,101.794
6720,143,106,149.019,104.758
6290,141,106,150.284,103.561
5813,147,105,150.414,98.8458
5213,139,96,148.593,99.5846
4686,141,105,149.56,97.3894
5969,141,103,150.706,105.504
6635,138,91,149.939,103.568
5846,142,101,153.848,107.46
6149,143,95,152.382,102.644
6238,141,96,152.625,106.439
5719,142,105,151.568,105.029
5903,143,101,149.669,101.905
4741,136,91,144.701,93.7037
4924,144,102,152.825,106.136
5934,142,109,152.237,106.775
6487,134,93,144.609,98.3514
6753,144,110,152.24,105.846
4731,141,97,149.672,101.487
5440,149,114,153.01,101.231
4804,145,106,153.339,100.278
6517,142,109,145.642,98.996
6099,140,97,147.088,100.572
5409,143,105,147.969,100.532
5823,140,90,147.081,94.9319
6698,140,99,148.698,104.302
5899,140,99,148.646,103.711
4193,145,104,155.249,106.549
6285,143,99,153.401,106.053
5928,141,97,151.798,105.309
6211,145,113,151.195,105.708
5832,141,104,151.155,105.617
5788,140,100,146.188,97.6687
6171,141,105,147.07,100.722
6338,141,105,148.475,103.365
4950,142,91,146.826,95.4575
5742,145,107,148.518,101.2
5364,140,92,150.892,99.7798
6153,141,104,148.162,102.581
6435,141,110,151.284,105.91
6090,143,108,151.595,104.188
6326,141,107,145.563,100.533
6183,144,107,152.482,105.196
5645,141,101,152.442,104.015
5972,139,98,147.66,101.257
6001,136,98,147.076,101.125
5365,139,93,148.082,97.5355
5832,144,104,149.601,99.0711
7637,140,118,146.855,106.45
6264,141,111,148.629,103.949
5447,143,95,153.582,104.344
5378,145,107,153.722,106.383
6835,142,102,149.622,104.641
6080,144,113,152.345,109.005
6116,138,94,145.311,99.987
6445,140,105,149.27,102.173
4523,145,104,153.629,100.321
4387,140,88,151.516,97.3774
6004,146,110,151.958,105.585
6339,139,98,146.71,98.9129
6087,138,97,148.725,100.981
6665,145,108,152.441,106.783
5524,142,101,150.176,100.908
6501,146,116,154.161,107.913
6549,141,112,148.895,104.835
6137,143,101,149.837,102.412
6616,138,92,148.943,104.05
4869,144,100,150.437,100.213
5345,140,96,151.38,100.406
7022,143,106,148.051,101.134
5538,136,94,148.453,99.6196
7393,143,111,148.562,103.492
6946,144,105,155.941,110.034
5269,142,102,150.764,101.468
4890,142,94,154.756,104.405
5384,142,100,148.232,99.1281
6478,144,106,151.422,104.351
6396,146,118,153.43,109.766
6790,142,102,148.651,104.54
6548,138,96,150.585,104.514
6056,144,111,151.516,104.69
6860,143,109,151.434,106.604
5068,144,95,151.637,95.6106
6012,144,99,149.681,99.1772
5468,145,110,154.071,104.967
5875,140,106,149.057,103.8
5538,139,95,147.365,98.3894
6032,144,107,153.18,107.811
6790,143,111,151.926,108.883
7151,144,107,151.467,108.43
5692,143,108,151.489,103.106
4965,145,107,151.99,103.96
5789,146,115,155.39,108.867
5621,140,97,151.978,105.57
5281,140,92,149.369,98.5145
5687,141,94,153.556,106.678
6293,141,106,147.226,99.6496
5765,145,102,152.371,102.61
6054,138,101,147.913,101.547
4497,139,83,152.669,97.6507
6792,142,109,147.762,100.944
5394,140,90,151.685,101.668
6022,141,112,148.732,104.343
6672,145,111,153.509,109.372
5527,142,99,147.578,97.0541
5490,140,109,148.69,102.499
4928,143,94,153.515,101.542
5985,141,105,151.425,103.677
5230,143,102,151.27,101.319
5718,144,103,151.682,102.42
6133,142,99,153.566,106.93
6537,137,96,148.247,103.811
6089,135,84,147.824,99.6186
5909,139,107,145.347,97.6727
5795,144,101,152.379,104.903
6094,142,99,148.319,100.802
6528,140,104,148.501,102.194
6557,143,110,149.708,103.981
5951,139,87,150.358,100.687
5157,143,105,151.635,103.609
6017,138,101,147.862,100.578
4028,142,96,151.006,97.3243
5090,140,98,149.38,101.687
5170,145,104,152.839,100.559
5432,136,87,148.219,99.6416
5254,142,94,150.971,101.208
5925,141,96,150.764,100.292
5954,141,96,149.713,102.643
6038,143,101,152.036,105.026
4869,141,104,151.472,100.698
5452,141,92,153.649,105.819
5103,146,104,153.614,103.867
5123,143,105,151.767,103.443
5774,144,102,148.771,99.8288
7054,142,104,148.797,102.186
6141,143,100,149.7,100.864
5770,138,102,146.453,102.827
6965,147,127,151.51,107.149
5230,140,104,149.538,103.826
7259,138,104,145.909,102.487
5532,140,90,150.216,98.999
5674,140,100,152.115,104.586
5436,141,84,151.684,97.7457
6856,145,117,148.827,103.632
5253,142,106,150.677,102.992
3887,144,93,153.333,96.5926
5023,141,95,151.892,101.174
6318,142,98,151.053,103.868
6040,143,112,148.775,102.975
6173,140,96,149.084,99.5355
5346,137,90,146.31,94.5656
6613,139,92,150.309,105.811
6614,145,105,150.035,104.264
6178,139,99,145.85,100.536
5236,142,96,152.641,103.6
5995,139,102,151.266,105.901
5281,143,100,152.288,101.547
5761,140,101,151.373,104.11
5856,141,95,148.076,100.639
6634,141,87,148.718,98.3644
4932,143,100,149.154,98.1291
5681,143,107,154.109,107.742
5741,144,107,152.294,106.642
5247,140,92,150.461,101.865
6814,141,117,151.319,108.224
4589,144,88,153.822,99.7638
6818,146,108,152.456,105.329
6356,141,94,148.576,99.4034
5745,142,101,148.968,100.836
5977,144,109,152.81,106.27
5058,141,95,150.477,101.37
6051,143,105,151.711,103.472
7305,145,115,151.129,106.946
5653,143,94,150.281,99.1602
6339,142,111,146.961,101.493
5428,143,104,150.791,102.373
5584,144,102,153.378,104.392
6793,147,122,150.052,99.1471
5126,136,86,149.545,101.201
4744,142,101,152.354,106.199
5727,144,97,152.039,102.012
5439,143,108,150.831,103.295
6398,139,97,147.688,100.909
5337,139,96,150.97,103.159
6385,140,105,149.317,105.665
6338,141,96,151.891,106.388
6327,143,105,151.896,107.002
5825,143,104,153.596,106.287
6736,143,99,151.865,101.497
5788,140,97,150.192,102.527
6246,140,103,145.132,99.8098
6971,142,106,150.178,106.656
4843,139,93,149.255,97.8509
5322,144,95,153.831,101.805
5362,141,92,150.978,99.2332
6936,140,112,146.591,103.292
5111,146,110,153.141,102.673
6161,142,106,151.224,105.749
6092,141,94,152.719,105.699
6615,143,113,147.05,100.972
6433,141,98,150.594,103.498
5948,140,101,148.772,100.095
6061,141,99,152.493,107.104
6145,145,114,153.237,106.53
5350,145,111,152.11,102.594
6401,139,97,151.206,105.902
5367,145,100,153.859,104.939
5597,139,95,148.906,99.4975
5826,144,100,149.992,99.021
6791,137,104,148.737,106.035
5631,139,93,149.267,101.578
5572,139,102,147.638,100.096
5541,145,103,151.259,101.746
5873,141,98,148.912,100.441
5433,140,101,146.313,98.8739
5406,145,104,153.226,105.044
6983,137,105,145.742,102.589
6260,143,105,150.073,102.955
6288,144,104,151.605,101.963
6713,140,93,150.242,102.475
6121,144,108,151.486,103.708
5834,143,104,147.705,96.7688
5152,143,104,151.561,104.727
6898,137,103,147.029,101.541
6149,142,94,150.971,102.433
6681,145,108,153.31,109.91
5758,143,102,150.542,101.272
6287,141,100,148.835,104.439
6251,144,107,150.832,102.644
4551,142,109,151.972,105.925
6358,146,108,152.053,107.021
6117,144,112,153.134,106.537
5632,144,114,154.133,106.728
7079,137,99,145.965,103.893
6068,142,100,152.749,104.139
6267,139,105,147.738,102.031
6152,143,100,151.559,103.832
5949,140,94,149.329,99.8899
6419,143,108,149.211,103.851
5493,141,99,149.315,99.1281
4013,139,97,146.622,95.9019
5856,139,92,146.506,97.033
6673,143,111,151.468,106.916
5505,141,102,150.275,101.767
4354,141,101,151.931,101.918
4543,143,104,150.881,99.5145
6134,140,104,149.973,103.382
6789,140,104,148.147,102.644
6186,142,95,152.385,104.187
4672,139,95,148.633,96.6066
4863,145,94,151.184,95.7958
5515,143,102,153.284,105.739
6356,136,101,144.283,94.7487
5122,136,91,148.191,100.216
5994,145,111,153.322,106.858
6169,143,97,152.764,105.248
5293,143,111,148.438,100.509
5679,144,98,148.652,100.649
6384,140,102,151.105,107.169
5537,143,104,152.59,105.444
6653,138,98,145.433,100.148
6019,145,104,153.281,106.317
5202,139,94,151.994,105.289
6293,145,107,153.883,106.37
5693,139,97,149.556,102.06
4800,139,93,149.199,99.6306
5928,142,95,148.316,95.8208
6126,137,97,144.323,95.4354
6470,139,110,147.501,103.824
6678,139,102,149.26,103.786
5995,144,103,152.119,104.106
5971,140,94,146.752,97.4424
5587,143,106,153.403,107.626
6817,141,109,151.253,108.833
6718,147,115,151.875,106.322
6995,139,102,142.438,98.4795
6366,144,103,152.615,108.049
7107,143,109,150.05,106.841
6440,139,87,151.204,104.801
7098,141,108,150.375,106.622
6258,146,103,153.786,106.631
5240,143,99,152.86,104.872
6507,137,101,148.28,103.901
6826,138,97,146.901,101.635
5111,141,103,148.999,103.025
6827,142,113,149.434,104.719
5654,140,105,149.392,104.066
5245,145,106,155.234,107.47
6434,145,108,152.503,107.002
5948,139,91,151.864,104.586
6319,140,96,150.834,104.88
5464,143,98,152.923,105.42
5814,145,108,149.113,100.721
6576,141,109,147.824,104.141
5139,145,103,152.182,103.516
6849,140,112,149.515,106.91
5228,143,105,150.586,102.141
5815,142,95,149.642,101.143
6746,137,95,143.422,97.8448
6492,135,92,147.361,103.372
4093,139,88,152.349,100.046
6198,140,102,146.705,99.9189
5639,141,101,150.049,102.716
5981,140,104,151.01,107.966
6617,144,103,149.254,100.268
6356,147,115,150.71,105.541
4664,143,100,151.879,100.299
6800,140,100,147.05,102.523
5045,141,102,152.653,104.695
6425,134,83,147.7,102.311
6298,141,102,151.341,105.232
6062,141,106,146.049,97.5726
4251,142,95,153.638,102.356
6011,138,98,147.498,102.851
4627,146,108,154.605,101.246
5771,136,96,143.344,95.2793
6397,144,115,150.721,105.312
6011,139,99,146.944,99.8589
5408,138,101,148.13,103
5595,140,100,149.798,98.6396
6233,140,102,149.175,103.3
6013,138,102,147.183,100.365
7067,142,101,149.284,104.228
5884,141,98,149.616,102.405
6394,141,98,151.562,107.406
5949,136,92,142.742,95.1692
