objective,sim_node_best,sim_edge_best,sim_node_avg,sim_edge_avg
12702,90,43,71.6296,35.4484
12450,91,42,73.036,37.2432
11764,91,47,71.6687,37.9299
13638,97,51,75.045,41.4745
12185,90,51,72.4234,38.7898
12413,93,43,71.7618,35.4765
14161,95,58,75.1481,43.5646
12338,92,51,72.1502,36.951
12716,95,46,73.8288,35.7828
12099,92,53,71.8018,37.046
12389,95,58,70.5536,36.8649
12429,98,56,73.2923,36.3493
11817,93,52,70.018,35.6186
13051,94,52,72.7247,37.2783
12949,97,55,71.4895,36.5375
13832,95,47,73.037,39.0981
12755,95,46,74.7528,39.5145
11646,91,47,73.3113,38.9389
13145,91,51,70.7648,39.1902
11713,91,36,74.4154,36.4344
12217,93,42,74.3924,37.981
13937,95,49,75.2042,41.1371
12925,93,46,74.7017,37.7888
13876,96,51,74.7487,41.7638
14063,97,55,72.7217,37.7447
13552,98,51,74.013,38.7457
13309,96,54,70.8138,38.2032
12706,92,45,72.6106,38.1291
12818,95,49,72.2092,37.7217
12422,94,55,70.3694,36.6977
12418,94,50,72.2543,38.7898
11926,91,46,73.3113,38.954
12499,93,45,72.8849,36.8348
13561,93,47,74.3073,40.1802
12255,90,43,70.1862,37.3023
13195,93,50,73.2072,40.2302
12926,90,43,74.8328,39.6306
12670,96,52,70.986,36.0701
11894,94,54,71.7638,36.0981
13619,97,54,72.4985,37.9259
12264,88,42,72.4685,38.4084
13268,91,55,72.5716,40.6767
13505,94,42,75.2012,40.952
14564,98,55,75.7728,42.1582
13635,95,44,72.2052,37.7908
13851,98,55,76.1592,42.2152
12281,93,43,73.6086,39.3814
13016,93,59,73.5405,40.2973
11405,92,47,72.4394,35.6256
13999,98,51,76.2292,42.1812
10550,91,51,70.6997,34.2182
12163,94,47,73.7678,38.4795
13274,97,44,75.977,39.9489
12436,91,49,71.5155,37.6777
12820,93,50,74.6106,39.7097
14091,95,50,74.6737,40.0951
13372,97,51,75.2082,40.6837
11959,94,48,74.9269,39.3864
13175,92,48,73.8488,39.3173
12464,93,46,75.2292,38.5896
13779,96,54,74.6196,42.5205
12293,90,47,72.0781,39.7067
12433,93,48,72.5135,38.8919
12312,93,48,72.3694,37.1191
12067,90,48,71.7447,37.0521
13621,91,50,74.2573,40.6627
12592,93,56,73.7708,39.9449
13624,94,51,73.7007,40.4615
12689,95,49,76.002,40.1441
12414,92,52,71.4054,37.0661
12941,94,50,72.6166,36.6306
13384,94,47,72.975,37.2212
12622,95,47,74.3514,39.9059
12652,93,46,73.6066,39.0851
12008,92,50,73.1131,37.5195
12158,92,47,72.9079,34.4835
13141,92,43,72.3674,35.7117
12166,94,49,73.968,39.4965
13300,97,52,74.4565,38.037
11969,90,45,71.5135,34.6967
11977,91,47,71.1031,35.1922
13779,96,50,75.4545,39.4484
13990,96,51,76.1211,42.1061
13156,98,54,73.8258,39.2312
12776,96,54,74.1882,39.6787
12949,94,52,74.5606,41.1752
11556,92,51,71.6026,35.4224
13528,95,51,75.028,38.5405
10349,90,49,69.8829,34.6757
11920,95,50,72.9449,35.9469
12264,93,51,72.3724,35.2372
14071,97,55,76.4484,42.6046
12280,95,56,72.5746,35.2392
14110,94,52,74.4845,42.2973
13045,94,57,73.4545,41.7868
12094,95,47,75.3163,40.6006
11412,90,43,71.2683,36.1762
13191,94,43,73.4414,38.5686
12782,93,46,73.4024,38.5766
13261,96,52,73.046,40.5435
12390,91,43,73.1481,36.035
11913,93,42,73.5165,36.2372
11369,89,44,69.4665,35.5355
12286,91,53,70.9499,37.1782
13075,96,52,74.4935,40.9479
12892,91,49,72.3874,41.1522
12581,93,48,74.8759,40.6987
13761,98,57,76.3774,41.5666
12670,98,48,74.6376,36.7287
12728,96,55,73.6987,39.2392
13484,96,53,73.8559,38.9449
12737,97,54,74.1261,38.8478
13303,95,54,73.6927,39.7307
12583,95,52,73.8829,38.4224
12716,91,45,74.1091,39.2743
12830,95,52,74.025,38.8248
12379,94,41,74.3914,36.7958
13464,94,55,72.2623,38.6547
12598,96,53,72.9359,37.9159
11623,91,40,74.5425,37.2122
13718,96,51,74.3193,39.3053
13776,95,51,73.5566,40.6396
13661,95,59,75.4144,40.9029
12718,94,47,75.6787,39.954
13470,94,55,73.2182,39.6577
10544,91,52,71.3864,35.9219
13631,95,56,74.4755,39.8218
12859,97,50,74.2102,36.7978
12893,93,55,72.1331,39.7828
13387,92,49,74.9049,42.5395
12271,91,52,69.5696,33.0721
13144,94,53,74.1281,40.3834
12822,97,54,75.7187,40.4194
13191,90,47,70.8849,37.4114
13005,94,58,74.5175,39.971
12233,96,54,72.3644,36.1652
12258,92,46,72.045,36.3504
13711,97,55,73.993,40.1932
13000,94,54,74.7978,40.012
13446,94,50,73.5385,38.019
13172,97,52,72.7548,38.5776
13392,91,49,71.8228,39.7908
12822,93,56,71.8769,37.4585
12658,92,45,71.6667,36.4855
13921,96,49,75.3043,39.7367
13818,97,59,73.6266,39.1001
12763,94,49,72.3834,38.2963
11647,88,44,72.3904,37.2342
11608,93,46,72.5195,33.6246
12805,94,51,72.2342,38.981
12817,96,49,74.9199,39.5045
11824,91,45,71.5996,37.994
12396,93,50,73.6236,38.4274
12233,93,47,71.6877,36.0651
11321,93,50,71.1702,35.8128
13149,94,47,74.2332,37.6246
13669,97,57,75.2292,39.5526
12734,94,50,73.8839,39.1111
13122,95,51,74.4525,38.4194
13902,94,54,75.2793,41.1652
12794,95,53,72.2903,37.4444
12054,92,46,71.8498,35.5856
11687,92,54,71.6486,37.8108
12492,93,49,72.4765,35.5365
12036,94,50,71.1972,35.1421
12156,91,51,70.6036,36.0701
12133,92,43,73.5095,36.3493
12390,93,44,74.6797,37.2392
11921,89,47,71.8038,37.8208
13597,92,52,74.7117,40.9239
13198,97,56,74.3974,40.1832
12416,94,52,74.4444,37.6907
12997,97,51,73.1171,37.041
13356,97,59,74.5195,42.2002
13338,93,50,73.3043,38.4254
12513,94,55,74.4545,40.9159
13157,92,51,72.2853,37.8529
12704,94,45,75.4515,39.9329
12969,93,51,71.3944,37.2683
13010,93,44,74.8629,39.6106
12508,93,46,74.1161,37.8118
12751,94,48,73.3994,38.7638
12833,89,51,74.1441,41.033
12751,95,52,76.3544,42.9379
12435,89,47,72.2903,39.1041
11909,91,45,71.3714,35.8198
11740,87,40,72.1161,35.5475
13139,94,54,71.7477,35.5325
12717,94,47,74.8368,41.3073
12773,92,48,72.1101,38.007
13092,92,46,73.8068,39.3373
13453,94,54,71.029,37.5125
12616,94,45,73.3223,35.9329
13520,97,60,73.5395,41.3033
11660,85,44,70.5155,36.2753
11587,91,45,74.4605,37.1792
12212,94,44,73.8228,37.6416
12663,94,50,74.4955,40.2873
11997,89,41,70.3664,32.971
11216,91,50,70.8829,36.1552
13130,93,53,73.4815,38.6416
12679,90,45,71.961,36.3874
11506,92,45,72.2232,36.968
12387,94,46,72.2623,35.979
12703,93,51,73.6767,36.987
13018,93,47,73.983,40.0921
13382,93,44,74.968,40.6046
11563,93,47,73.8078,36.2312
10675,91,50,71.5255,36.4535
12172,91,47,74.3954,40.013
12875,94,51,73.9349,39.6817
11572,89,38,72.2422,37.5375
13888,95,46,74.8478,39.4845
12125,92,43,75.1902,38.8328
11811,91,48,71.4194,34.5195
12713,96,53,73.2773,39.6366
12492,95,53,74.1131,39.4264
13165,94,55,72.1862,40.0991
13895,95,49,76.4214,39.954
12842,92,49,72.6617,37.4715
11467,90,47,71.975,36.3053
12565,96,55,73.4875,39.6206
12095,92,46,73.6737,34.958
12676,94,46,73.995,37.1822
13075,94,47,73.6326,37.036
12203,91,44,70.9209,36.9009
13967,94,49,74.8368,41.3083
11861,91,50,70.4965,35.4494
12387,93,53,73.4254,38.9239
14096,96,54,74.8188,40.8929
12354,95,46,73.8919,35.3594
13442,94,56,73.7628,38.8509
13328,93,48,73.7427,39.0571
12889,96,52,72.4254,36.3223
13645,97,54,74.6797,39.5085
12398,93,46,75.011,38.5726
12995,93,44,74.1261,40.6927
12800,93,54,74.6276,39.1702
12923,93,49,73.5666,37.7417
11910,92,56,70.8529,35.6206
13057,90,44,71.7928,37.9429
13649,95,49,75.0991,41.6006
11855,97,54,73.01,39.001
12495,90,48,73.044,37.8178
11927,97,49,75.1972,37.9199
12870,94,52,72.9079,39.5706
12194,91,46,72.8559,38.0811
13322,94,53,75.4635,41.6767
12249,94,47,74.2032,37.5506
12363,96,54,73.2713,37.7187
13620,92,52,73.4334,39.4625
12822,95,48,75.2142,38.5435
13610,95,50,73.3864,38.2012
12872,95,58,72.2743,39.0591
14078,98,57,76.952,43.5435
12152,94,51,71.3904,36.3203
13167,96,53,74.4154,38.0831
12520,93,44,71.4965,35.8178
13071,93,52,74.4655,41.3984
13121,91,41,73.972,39.6727
12147,89,41,71.2803,35.5045
12630,92,50,73.4294,39.4194
12459,91,48,72.2312,38.2883
12724,93,48,74.5375,40.0711
13039,95,49,73.4815,36.2523
12373,95,47,73.8028,36.6296
13419,97,53,75.0721,40.7968
12513,94,50,69.6056,33.8448
14084,96,49,75.3974,40.7287
13368,96,49,76.1562,41.7678
13837,96,51,73.8999,40.4064
13348,91,47,72.6136,39.6486
11885,92,43,73.1782,34.1451
12382,92,44,73.8649,38.6436
12338,89,46,71.9159,40.0601
12135,93,52,73.7868,38.3153
11842,91,45,71.0591,37.9449
12247,95,51,73.1161,37.6396
13052,98,54,75.3403,40.1291
11954,92,48,72.5325,38.0841
12149,95,42,72.9269,36.7117
11700,91,41,71.5616,34.6957
12824,95,53,72.7157,36.6847
11693,90,46,71.3123,36.4444
12340,90,45,75.1111,40.1401
12263,98,53,71.3994,35.8629
13393,95,59,71.2132,38.3493
13056,94,54,72.6076,38.9329
12105,95,51,75.6627,37.8569
12402,98,50,71.7758,33.6947
13508,95,57,73.2452,40.4194
11322,92,49,71.965,37.0561
12789,96,52,74.0771,39.005
14184,96,50,75.4625,42.2553
12004,89,48,70.9189,37.7207
11418,90,44,72.0761,37.2983
12648,92,52,72.014,40.4815
14025,96,51,75.5706,41.3574
12005,94,49,74.0591,38.018
13317,94,53,72.6947,39.046
12188,92,48,73.2172,37.8769
12177,95,47,74.0921,36.7778
13507,96,53,74.8679,40.1792
13182,94,47,74.8509,41.1982
12727,95,48,73.7638,38.1512
13818,93,53,74.3604,42.5606
12710,93,56,71.1161,35.9129
14007,97,51,75.4204,41.1271
11802,95,50,73.6827,38.3073
13832,96,60,74.6737,40.2513
11571,88,38,70.984,36.7487
13351,96,49,76.0991,41.4054
12560,93,47,71.7247,35.1011
12072,94,51,74.8428,38.1922
11234,87,42,71.1221,35.8008
12686,93,50,72.4044,39.6056
12415,92,53,71.5946,36.1061
12777,96,50,73.9209,40.0821
12932,94,49,73.8979,37.8799
13727,93,54,72.3453,39.4174
12371,96,45,73.4154,34.7538
11718,90,49,73.3574,37.4995
13541,98,56,76.1602,41.7497
13296,95,59,72.6707,41.3554
13274,95,48,72.8899,39.5946
12716,96,61,73.7558,39.0501
13711,97,52,75.2823,41.4645
13610,95,50,74.1532,38.7818
12158,93,57,71.4064,38.7878
12241,94,49,72.7738,36.2823
12801,94,44,74.5776,39.1502
12438,94,43,72.8849,38.2102
11983,92,53,71.4995,37.5856
12574,90,43,73.8759,38.3033
12823,95,52,74.6567,40.2853
13104,97,47,74.6086,36.976
12837,96,57,72.1381,38.6176
13598,95,51,75.7728,39.6056
11857,90,42,70.7908,35.6206
13212,93,55,73.2422,38.1321
12199,95,47,72.3764,36.1742
12817,95,52,73.994,40.4464
13577,95,48,74.4184,40.1722
11151,90,42,71.3524,33.972
12570,90,42,73.0521,37.8859
12992,96,56,73.5415,38.997
13446,94,53,73.9029,40.5556
13932,94,54,74.3704,42.0681
13203,96,50,73.8579,38.4064
13210,92,53,72.6266,39.3043
12660,91,48,71.6496,37.7497
12410,94,51,72.0831,35.4444
12887,96,54,72.4294,37.1752
13220,97,52,75.2392,40.2472
12784,95,47,73.8559,37.2803
14111,97,55,76.037,41.1351
12593,92,39,74.0751,36.8699
12163,94,46,74.3694,37.3303
12572,94,52,71.6927,35.971
13153,96,53,73.034,38.5556
12647,94,48,74.8458,40.0931
13591,95,51,73.4635,39.0671
11656,94,52,75.3213,37.3924
11637,94,48,73.3193,36.1912
12248,91,51,73.2092,39.4234
13579,95,48,74.8428,40.5125
12940,93,52,70.6126,37.0981
10464,87,42,69.1542,32.5886
13374,93,51,72.2503,38.3524
12959,97,54,75.4615,40.9339
13336,93,47,76.7508,42.3504
12498,89,40,70.033,34.2963
12858,91,50,71.996,40.0661
13119,98,61,73.7928,39.7247
12532,95,46,74.0721,36.8388
11817,92,49,72.6236,37.8108
12357,91,44,74.007,35.8228
13819,91,51,75.024,41.4855
12715,91,52,70.2252,36.8458
13971,96,55,74.2332,43.1151
12473,93,45,72.955,36.8879
12996,92,49,73.8799,38.9459
13678,95,49,74.8048,41.5576
13007,95,48,74.4765,38.1061
14123,98,60,74.4094,39.6326
12391,94,48,74.999,38.7758
12424,94,53,74.3443,40.4605
13377,92,45,74.3744,40.2332
12866,96,58,74.6136,39.3163
13996,97,60,70.7067,37.8909
13017,92,52,71.8639,37.2863
12370,92,49,73.7217,39.8238
12560,95,56,74.6957,39.1552
12353,96,47,73.4775,36.2102
12293,92,39,73.6116,35.8498
12877,97,51,75.0601,39.5876
12559,93,49,73.049,39.3193
12744,96,55,74.2653,37.4775
12358,92,49,72.0551,38.4434
12771,96,49,73.6927,36.8138
12762,94,48,73.0561,38.5145
12905,96,51,74.3203,40.4154
12882,93,50,72.6697,38.2102
12565,91,42,74.6186,39.9369
12586,92,45,73.8979,38.2152
13263,97,53,72.5435,37.8549
12305,89,43,71.0891,35.5846
13716,98,67,74.2282,38.7588
13790,98,53,74.6476,40.016
13009,91,46,72.969,39.7558
12633,93,47,72.2062,37.2282
13089,94,49,73.0611,39.6326
12554,93,51,70.7407,36.3453
11908,93,40,75.4314,35.9399
12984,92,43,72.5165,35.3193
12303,90,47,73.5996,38.4795
13212,95,55,72.8478,38.6847
12174,92,44,73.4404,38.5425
10827,93,44,72.031,37.1271
11792,92,44,74.9479,39.5626
12463,96,53,73.2573,38.3564
13306,94,54,73.016,38.972
14083,94,56,73.2352,42.0581
13778,96,58,74.024,40.1261
13632,95,49,75.2142,40.8769
12185,94,53,72.1131,36.3764
11145,96,60,70.6517,36.9179
12265,95,49,74.3013,39.0921
13073,93,54,73,39.4354
13923,97,53,75.7808,39.8048
13815,94,57,72.7047,38.987
12340,90,40,72.1532,37.7928
13220,92,49,72.5025,37.8138
12542,90,39,73.3944,39.5295
12339,88,42,70.8058,36.2573
12085,91,45,72.5175,38.2553
12194,94,48,70.8068,35.1451
10058,87,42,72.9259,35.4084
13032,93,53,72.8168,37.9069
13388,93,48,75.2923,40.6346
12907,94,48,75.2452,39.0751
13975,96,54,73,40.8629
12173,93,49,68.5315,32.0971
11153,87,40,71.1952,35.5606
12901,95,50,74.5395,38.2112
12982,92,47,75.6106,40.9219
12300,94,56,72.9339,41.3674
12692,89,41,73.9499,40.3253
14451,97,53,76.6046,44.3534
13907,95,46,76.2673,42.4164
12952,94,51,74.5365,39.9319
12941,90,52,72.6196,40.0621
13663,100,59,75.4885,40.8108
12922,91,46,74.0901,39.3604
12721,95,61,73.7017,40.9479
12776,97,55,76.4164,39.3433
11275,95,49,74.8909,36.1992
11949,91,43,72.7728,36.6476
12472,91,41,72.8098,37.5616
13741,99,58,74.2492,39.2162
12922,93,50,73.4695,39.2092
12678,91,45,73.2723,38.5936
12274,95,47,74.5766,37.7487
12145,92,47,71.8889,35.7708
12644,94,55,72.3203,37.9009
13275,97,49,75.026,39.6757
12736,92,45,73.8078,39.7077
13590,97,51,75.3544,41.8008
10497,88,49,69.7768,31.1952
12942,93,47,74.1011,38.7898
12802,96,53,73.4855,39.6206
13996,99,56,73.8679,41.6086
12536,90,45,73.025,35.2272
14562,98,60,75.1271,40.979
13133,95,54,73.1111,37.4164
11455,90,44,72.1251,36.8759
13426,95,51,75.5666,41.4915
13409,95,51,73.4194,40.4965
12059,90,46,72.6266,37.0851
12914,90,49,72.0721,38.7427
12403,94,50,70.5425,34.6537
13263,94,50,73.3173,36.2713
13931,95,47,75.4895,41.3614
12574,93,43,73.3203,37.3323
13754,94,50,75.4474,39.7497
11809,93,45,73.8118,38.7317
13922,96,50,75.5706,42.1812
12884,95,53,73.6907,37.2222
13333,96,54,74.2112,40.2362
12145,92,50,73.5596,39.4054
11738,90,43,73.6817,38.3083
12627,93,48,71.7457,36.4525
12554,97,49,75.6627,38.4464
13605,93,53,74.1952,41.8378
14603,96,51,75.996,43.7127
13357,93,49,74.3213,40.6386
13110,95,47,75.3043,39.4945
12758,91,45,70.7758,35.3383
10964,88,41,70.8849,36.3734
13033,93,47,74.966,41.0981
13240,93,50,72.8318,39.6316
12718,96,51,74.5626,38.3183
12105,92,48,74.0891,40.2392
12974,94,51,74.008,38.5055
12571,93,45,72.6817,38.4474
13393,93,48,76.2052,42.039
13759,96,53,74.8008,40.6396
14155,96,58,72.8849,38.6857
12961,93,52,72.3223,37.7958
12889,89,41,73.1892,38.6186
12980,96,47,73.2803,38.1221
13630,95,52,75.3984,42.6927
12954,90,56,71.1652,39.1431
14174,95,53,75.2162,41.1752
12739,94,48,71.9409,35.962
12849,92,44,73.7848,38.2322
11925,92,46,71.1381,36.2242
14382,94,49,75.1431,42.5616
12244,92,50,72.6557,38.6056
10621,93,54,70.4895,38.2923
12416,94,57,70.9129,38.3614
11661,90,50,71.1712,38.007
13221,92,49,73.3273,41.8048
11998,93,53,71.8529,38.3504
13164,96,48,75.2142,39.4374
12155,91,48,74.0821,41.6607
12380,97,52,73.4845,37.9369
13223,94,47,71.8739,36.1221
12105,95,51,70.7938,37.3283
12320,94,51,71.99,36.5385
12133,94,45,73.2372,37.8519
12675,94,50,72.3293,36.9089
13542,95,46,74.5886,38.8819
12429,94,48,73.8458,38.2853
12234,92,45,73.7027,38.2192
13926,93,45,73.4434,37.5195
13136,96,54,74.4134,37.4535
12699,92,54,70.4575,35.6076
13234,94,47,75.7968,40.9059
12219,92,46,73.3534,37.3854
13476,94,46,75.0691,39.5836
13834,93,52,75.0631,41.6436
13041,94,51,74.4484,39.6416
12674,95,50,73.0731,36.2212
11863,95,54,72.2553,37.2853
12389,93,42,74.2102,37.6697
13924,97,57,72.6807,40.4084
13419,92,48,75.1001,42.4835
13638,96,50,73.1962,39.2943
12996,96,49,74.5025,39.6697
13130,95,51,73.034,38.5686
13494,92,45,74.8939,40.4695
13251,93,49,73.3003,37.964
13087,93,52,72.2743,38.4054
12785,92,45,75.4825,40.5576
12602,93,53,72.0531,38.6567
11833,92,50,71.1101,35.7728
13267,98,53,72.006,36.7307
12806,97,60,73.1081,40.2723
12648,96,51,73.8539,37.2032
12518,95,52,73.006,37.5015
12053,94,48,75.7868,42.2893
12629,95,48,74.6737,39.023
12157,91,45,72.3213,36.4214
12399,95,50,72.5936,37.4244
14205,97,57,74.2763,42.6917
12958,94,49,73.8559,37.8789
12344,92,37,74.5516,38.5586
11819,93,52,71.7027,38.2092
12014,95,56,74.3053,36.5365
12428,92,50,74.3544,41.2112
13555,96,55,74.0651,40.1752
14122,97,66,73.2112,40.4585
12304,90,46,73.1411,37.6366
13141,94,53,72.9009,37.7928
13921,92,52,73.4985,42.3113
12374,95,48,72.8699,37.2142
12555,91,48,74.024,39.0671
12497,94,45,76.042,39.02
12886,93,47,74.2703,39.1291
13229,96,52,73.1331,37.7257
12207,92,52,71.4625,37.0901
12053,95,53,74.7267,38.7487
12140,93,46,74.5105,38.6807
13093,93,47,72.6026,38.4154
13531,92,48,74.4394,39.9329
13383,94,50,76.1371,41.5155
12654,92,46,73.3003,39.2963
12837,97,59,74.4985,40.4044
13023,95,56,74.8148,39.047
13076,94,45,74.5726,39.7017
12959,91,54,72.1862,38.4565
11091,94,47,74.7087,38.2072
12781,97,54,74.0531,37.4965
13677,94,44,75.2462,41.2272
12940,94,51,73.1852,38.7558
12406,92,48,73.3704,38.5996
12776,93,46,72.5395,39.3453
13179,94,58,73.5015,40.6406
13896,97,58,72.8188,40.8999
12669,91,41,74.2923,37.991
13307,92,52,73.0691,40.7508
13031,91,48,72.6156,39.02
13421,98,56,74.8208,41.1111
12408,92,44,72.9229,38.8488
11803,90,46,72.7548,38.1642
13184,92,48,72.6747,38.7067
13383,98,47,74.9079,36.6366
13117,94,54,74.3023,40.1361
13248,95,47,74.1822,37.7377
13399,97,50,71.6927,34.5215
13242,92,45,72.5365,39.8168
13790,95,55,73.1311,39.048
11508,91,51,70.2703,36.2442
13107,93,40,75.8589,39.7528
12361,95,48,74.3113,37.3584
13219,95,56,74.4204,41.5055
12607,92,49,74.2482,38.1031
11844,91,44,72.0881,36.1261
13894,93,52,72.5215,40.7578
13080,89,44,74.4464,40.1652
11085,92,40,72.8899,33.4174
12978,91,53,73.1572,40.1812
11627,93,48,71.3794,35.9269
12897,92,43,74.4094,40.0801
14006,94,51,73.966,40.2232
13058,89,50,72.8759,39.5506
10921,87,45,70.7678,37.3684
13513,96,51,74.3604,38.4424
12102,96,51,72.9359,35.7728
13481,97,62,75.3413,39.048
13804,92,55,72.1882,39.993
10671,86,46,70.3203,35.3674
12820,93,50,73.3353,39.7137
14054,94,60,73.6286,41.7097
11433,93,47,73.3173,35.0961
13545,96,52,75.1702,41.3634
13535,96,49,74.012,39.5025
13343,93,53,72.2763,37.6997
12551,91,48,73.3463,39.0761
12511,95,47,73.042,38.3904
12762,93,55,70.6356,37.8519
13070,92,42,76.2583,40.4805
12171,93,54,74.3584,39.7387
11911,88,47,72.2723,38.5175
12600,94,51,73.0721,37.7457
14203,97,55,75.7708,43.1311
13407,92,48,73.5876,41.2392
13032,94,49,75.6466,40.972
12710,91,45,73.4084,36.2202
13665,94,54,71.5816,37.1191
13794,97,56,75.2052,40.7007
13791,92,41,74.4605,38.2202
13088,96,55,72.3083,37.7818
13838,93,52,75.1271,40.7117
11887,90,48,70.9159,36.3213
12355,96,54,71.1512,36.0781
13032,94,43,74.8288,39.3654
13028,97,46,75.1401,39.2553
13325,93,51,72.6917,39.7828
12663,93,49,72.6326,40.3133
11099,90,45,72.7447,37.4264
13298,92,52,73.2813,38.3053
11647,89,46,69.9319,36.0821
12689,91,37,71.3784,36.0711
12925,90,48,73.5405,38.2152
13906,94,53,74.7738,41.4494
12902,94,56,71.3514,39.3704
12127,93,47,74.8769,37.5495
13096,95,57,73.022,39.7047
12916,91,51,71.2222,37.8488
12103,89,40,72.0541,37.0591
12948,95,53,72.5676,36.958
12752,95,49,74.4785,39.022
11547,94,53,70.3433,34.8659
13820,96,49,75.3463,40.0761
12501,93,48,73.3323,40.3423
13059,95,55,72.6987,38.01
13138,93,55,73.0651,40.8589
12411,90,41,73.1401,36.8448
11304,91,50,70.9129,36.8829
11477,92,44,71.9309,34.7127
12473,94,50,74.6997,39.8238
12751,92,41,74.6466,37.955
12743,89,50,72.4725,40.014
13687,94,53,74.2963,41.4444
12146,95,57,73.8398,38.8348
12538,92,58,70.7157,38.9439
13084,98,57,75.9199,40.5265
13469,94,51,71.3894,38.1321
12696,91,50,71.1952,35.8699
13577,94,47,73.5015,39.3163
13024,93,45,75.3373,39.0861
13003,93,51,73.3133,40.024
12097,90,45,73.2322,39.9019
12823,94,50,73.7808,40.1662
12242,93,49,70.98,34.3413
12263,88,42,72.6066,37.7858
11185,92,45,71.5756,35.998
12483,89,47,69.3944,35.3373
12136,93,49,74.009,38.5055
13543,93,50,72.8619,38.8258
13836,96,58,73.016,39.5465
12049,93,42,73.8498,37.6527
13081,93,55,73.8198,40.0861
13434,97,51,75.04,41.4414
12519,95,54,75.1371,39.7467
11174,90,53,70.6667,36.5385
11781,92,47,73.4424,36.7277
13149,97,49,75.8208,38.5716
12718,94,47,72.1832,37.4004
13195,93,53,73.4424,39.0601
13222,93,47,72.4845,39.4865
14211,97,56,75.7658,42.3333
12262,88,38,71.4765,35.8428
13221,95,52,72.5295,40.3684
12458,91,46,73.3604,38.3473
13225,92,43,73.2723,37.4284
11271,90,42,72.4314,35.0641
12696,96,48,73.5175,38.6907
12504,91,41,73.8919,38.8368
12113,92,49,72.1291,34.7307
12370,92,49,71.3834,36.6076
13723,94,50,75.8569,42.4525
12375,94,48,72.7287,37.7838
12210,90,49,72.8789,37.7287
12073,95,45,73.9289,37.3313
13484,94,53,73.8529,39.9319
13033,94,45,73.3794,35.5215
12432,94,57,71.1221,39.7908
12248,92,46,71.6206,36.8288
13450,95,52,74.7948,40.2853
14002,97,54,73.983,39.5065
12358,95,52,74.6266,39.0951
13199,92,47,73.3123,38.8839
12982,96,54,73.2573,38.8999
13608,94,52,74.0551,38.0891
12585,94,48,74.1011,38.4845
12735,91,46,70.8989,38.1692
13175,94,55,73.4324,40.048
11863,81,39,71.038,37.6196
12991,94,52,73.8889,38.953
13329,96,47,75.1882,38.9089
12594,93,44,72.002,37.042
13819,99,47,75.5475,39.988
13477,95,50,73.2082,37.2472
11206,90,46,70.3784,34.6286
12556,97,53,74.1041,40.4134
12454,94,55,71.6507,38.4334
13995,94,55,75.3013,42.8809
11806,98,53,75.2192,37.8198
12615,97,49,75.8989,40.5255
13304,96,52,73.049,38.003
11944,95,46,72.4364,35.8699
12923,92,50,72.1732,37.2663
12656,93,56,69.956,37.2052
13272,94,46,74.0731,37.7067
12704,94,48,74.3624,40.1481
13216,95,52,75.1321,38.988
11932,91,44,70.5736,36.6967
12244,95,55,76.3584,40.2022
13490,96,48,75.6466,40.4515
12335,87,45,72.3524,37.6216
12181,88,45,71.046,35.7307
13361,97,55,75.2092,42.5806
13591,95,49,76.1672,41.4194
13538,95,57,73.8539,41.2503
13038,95,50,73.6787,40.013
13292,97,56,73.2543,39.3724
13454,96,56,74.8168,40.4755
13380,92,49,72.7628,37.8168
11754,90,45,70.8188,35.1832
12535,94,45,72.2382,35.1431
13378,94,52,75.4865,41.981
12232,87,43,70.8929,36.1001
13105,94,52,74.4254,38.3924
12868,97,50,74.7988,37.6997
13514,91,44,74.5115,41.1041
12964,94,44,72.978,37.4344
12551,92,51,70.9469,37.5786
14557,97,57,75.993,42.4595
14425,97,62,74.008,41.0571
11970,96,50,73.3043,34.7317
13931,94,45,75.1161,39.6066
13654,95,52,75.4344,40.4044
12551,91,45,73.046,39.1632
13752,91,47,73.994,40.5025
14096,96,52,76.7788,43.3644
12835,93,50,72.6176,39.037
12754,96,47,73.9069,38.3053
13694,95,53,74.7808,41.4294
12692,91,44,73.1301,37.976
12338,92,46,73.0771,37.9259
12918,96,54,75.003,39.9399
11668,90,48,71.4334,37.4264
15102,98,59,75.1732,41.7057
13197,92,54,73.3243,40.974
12836,95,56,72.8939,37.3594
13127,96,53,72.3544,39.5766
14257,98,60,74.8378,40.7057
12790,93,47,74.0541,38.7477
13242,95,53,73.047,37.6637
13304,95,57,72.7828,39.033
13836,97,57,73.969,40.4955
13377,92,47,72.8529,39.3223
12402,93,48,72.5956,38.3504
13048,95,50,76.7798,41.6336
13301,97,53,71.1532,37.4184
12515,95,47,75.4725,37.7718
12266,96,55,72.1161,35.3413
12804,93,48,74.1321,38.5135
12122,94,45,73.0841,37.6196
14619,99,54,75.0531,40.6346
12671,93,44,73.4775,39.2633
13273,100,59,74.8348,40.1311
13212,92,50,73.1592,40.8899
13687,95,49,73.6567,37.1872
11993,94,51,70.5435,37.1351
11495,90,38,72.3243,34.987
13219,93,52,74.6336,41.1512
13772,98,51,76.961,40.3504
13326,93,49,74.4535,40.5816
12010,91,50,73.2563,38.5365
12059,96,48,72.2983,37.4785
12033,91,50,72.999,38.8539
12481,96,56,74.1151,36.8969
12702,96,53,73.9149,39.1271
12258,95,59,72.4004,38.031
13324,94,45,74.9129,39.3934
13528,93,47,73.4775,40.6236
13638,96,57,75.1341,43.8949
12898,94,49,73.9359,37.7287
13690,95,52,75.01,39.8098
12346,91,50,72.6987,38.4424
13829,98,57,76.1421,41.7918
13536,93,54,73.2683,41.029
12116,93,56,72.7227,36.2843
13642,96,51,73.2953,37.2112
13243,96,54,74.6997,39.5976
12462,93,47,72.1882,36.8569
11266,92,50,71.015,34.4484
11825,91,44,71.3423,35.7097
11355,92,48,72.964,35.5115
12405,93,47,74.1992,40.1051
14039,94,53,72.6547,39.3003
11892,94,53,73.6657,40.1121
13774,96,51,74.6687,39.013
13400,93,52,76.2983,42.972
13386,96,45,74.7688,37.6717
13583,94,45,74.8899,41.4384
12936,96,45,75.5946,39.2232
13410,94,52,74.3944,40.1702
12764,97,59,72.9459,38.1572
14469,96,51,76.7908,44.8839
12032,94,51,72.0501,34.0551
12272,93,44,74.2523,37.3313
12418,97,49,74.8619,37.3253
12797,92,44,72.4995,34.8919
12447,92,45,71.7497,37.1632
13305,97,56,74.3714,40.6967
12292,89,49,72.027,38.5295
13234,94,45,73.6747,39.2012
13191,93,51,73.7047,39.5736
13270,95,45,74.4535,38.5235
13181,92,51,71.8288,37.3894
12741,95,40,72.9259,35.5495
12551,95,49,72.5235,35.3223
12865,94,49,73.3263,35.8769
12872,93,45,72.5976,35.8809
13686,94,46,73.031,38.0941
13779,92,48,72.2342,37.4074
12816,94,53,75.7087,41.5916
11930,90,48,71.8328,37.1261
12797,92,46,74.1141,40.0731
13871,91,43,75.048,41.2723
11708,92,46,72.7367,38.1732
14008,95,47,75.8118,39.8038
13630,91,48,73.8158,40.2412
13961,97,53,76.7508,42.7047
12181,94,51,73.8939,38.9079
11762,95,50,74.1812,37.5235
12815,94,48,73.984,36.7618
12700,96,47,76.7968,38.998
11918,89,43,73.2613,38.021
12315,93,49,73.0791,38.041
13208,96,55,74.3794,40.3864
13608,97,57,74.3964,41.4004
12049,92,39,74.3333,38.013
12679,95,46,73.5465,36.6326
10556,92,48,71.4194,35.2112
11679,88,48,71.015,36.6667
11447,90,44,72.013,35.3934
11944,92,38,74.005,36.1552
13183,95,52,73.6016,39.2513
13092,95,46,73.6296,36.4284
13218,97,52,73.1742,39.0711
13016,92,46,71.8478,38.9329
13866,96,54,72.8358,39.6156
12975,93,51,74.1371,40.2753
13206,94,57,72.7387,39.7908
12885,93,49,76.1191,41.2573
11577,93,46,74.2012,37.7898
12067,89,44,73.9329,36.9399
13332,94,53,72.6887,39.2893
13202,94,48,75.5255,41.8438
12920,94,46,69.954,34.6967
13601,95,47,73.6306,37.4805
12106,93,43,71.7227,36.1141
12009,89,46,70.2643,36.7497
13000,92,54,72.0621,36.8048
13354,94,56,74.2943,41.7618
13520,95,46,74.5686,40.3904
13070,95,47,72.3614,37.3724
12742,94,53,73.0831,38.9409
12499,93,44,72.8959,37.1942
13451,94,52,73.5756,39.7167
12468,97,48,73.6036,39.2693
12232,89,40,72.3323,37.2372
12890,93,46,74.3093,39.9429
13086,90,51,71.8619,38.5876
11389,91,45,73.3443,38.7337
12696,97,52,73.3013,38.5015
12826,92,42,74.1391,38.1021
13170,96,48,76.2292,40.4304
13532,96,57,75.5005,42.5516
11842,92,48,72.7017,37.7387
13322,95,58,72.3013,40.8148
12428,92,47,71.1361,36.7738
12924,93,49,71.8018,36.7978
11788,90,45,73.1972,37.3463
11788,92,47,70.7528,33.9039
13226,92,45,74.7337,39.2142
13415,94,55,73.7197,39.7648
12485,93,46,74.8839,40.3473
12881,99,52,74.0761,38.1592
12708,97,50,71.7387,36.0591
13815,96,55,74.8839,41.5255
12353,95,51,71.01,38.5716
13596,98,55,74.0641,41.4254
12496,90,47,70.6867,37.3534
12650,92,45,74.9289,39.2983
12601,93,48,72.2813,36.5546
13621,93,45,75.022,40.4304
11945,88,46,70.992,37.4294
13693,94,49,75.0671,41.1502
11671,94,53,71.8959,38.8649
13793,97,55,76.4825,42.7858
11804,91,52,70.3173,37.1471
12797,95,47,74.8108,37.4545
11590,88,48,70.0791,36.012
13189,97,56,73.5916,39.8358
12945,93,47,75.4274,38.5265
12857,92,50,75.0831,41.5636
11954,91,43,72.5265,35.1291
13539,92,49,74.5225,40.1812
14182,95,50,75.975,43.013
13676,96,53,75.4845,40.7297
12341,91,41,73.9299,37.4595
12791,93,52,73.9329,39.0551
12115,95,47,75.9459,39.2282
13790,95,49,75.2002,39.974
13890,95,56,74.5986,41.2212
12714,93,48,73.8238,37.2462
11907,96,59,71.7267,37.4505
13122,94,47,76.5085,40.6657
12529,88,40,73.8529,38.3473
12046,93,51,69.8008,35.4565
12574,94,52,73.8689,40.6937
13192,92,49,73.048,39.0821
12088,91,48,71.8488,36.2603
12758,91,42,73.2933,36.4535
12990,93,49,74.6266,38.7367
13394,92,50,71.7648,36.7798
13067,94,49,74.2603,38.027
12327,95,48,73.5445,36.1101
11927,92,50,72.1051,38.7578
11492,93,49,71.7227,35.6326
13961,97,57,73.7748,39.5005
12756,94,43,74.1281,38.1221
13467,95,49,74.6066,37.8729
11877,92,41,73.3844,38.6937
14004,97,58,72.1822,38.9409
12239,92,42,72.7137,36.8889
11864,94,49,73.0631,36.7397
12348,96,55,72.8218,37.7948
13736,95,56,72.7347,39.5946
13181,96,54,75.026,40.0881
12509,90,40,71.8849,36.5596
13197,96,52,72.4705,37.5526
12287,93,43,71.4695,34.7297
13905,94,56,74.6426,42.7117
10992,93,46,71.2663,35.7047
13649,94,52,72.6406,37.3864
11815,90,38,73.019,36.7818
12540,92,44,74.5806,39.6617
12828,95,53,75.5566,41.8448
13138,97,50,75.4184,40.1772
13217,94,51,74.3403,42.3433
12732,96,57,72.2753,38.021
12626,93,50,74.6777,37.7688
