rep,objective,profit,length,length_phase1,cycle
0,-8129,716,8845,8845,"185 112 132 136"
1,-10750,1526,12276,12276,"32 3 43 29 70 123 83 65 191 63 73"
2,-125075,15781,140856,140856,"150 191 194 187 100 129 119 58 62 175 199 94 182 116 29 69 47 77 27 157 55 195 45 89 64 93 152 18 52 155 71 19 24 4 162 125 70 0 63 78 87 6 38 180 137 46 196 85 179 73 102 3 189 126 115 91 118 190 25 163 59 149 5 39 135 153 133 53 108 148 110 72 33 20 36 99 83 37 95 30 121 156 56 16 86 136 143 66 21 17 169 171 13 22"
3,-222585,25095,247680,247680,"126 174 155 85 176 28 109 48 88 124 67 61 77 19 173 43 122 87 56 159 162 169 24 182 172 100 69 131 105 35 10 23 156 120 179 196 138 97 154 146 55 132 11 134 44 111 76 89 8 144 34 31 27 187 53 153 178 72 150 80 141 63 52 82 47 165 140 12 186 57 139 29 45 38 129 75 142 6 166 95 16 26 164 183 36 148 96 42 64 41 59 32 20 194 157 181 25 30 133 40 107 151 170 115 104 137 160 37 92 121 58 81 14 135 110 167 84 65 33 73 4 171 113 108 94 102 93 91 177 3 68 71 13 116 62 46 192 98 66 145 54 39"
4,-261364,30605,291969,291969,"109 9 66 148 94 149 103 128 70 173 158 166 63 115 124 0 132 187 195 157 188 192 19 165 44 120 106 88 163 72 92 43 143 137 45 99 119 136 40 29 65 12 54 95 77 122 18 37 3 26 156 30 79 147 90 171 49 118 178 133 84 2 177 155 86 11 174 22 35 15 193 69 89 176 146 199 32 87 125 53 191 121 196 14 164 42 93 127 48 98 33 36 139 85 110 134 138 198 175 117 5 108 161 71 186 91 113 56 162 140 179 57 52 23 112 82 116 8 183 61 160 169 105 38 153 80 59 96 83 97 27 141 34 190 197 21 131 51 185 13 181 25 170 104 189 50 180 6 16 182 46 17 75 101 194 67 64 144 172 74 167 60 58 76 152 28 68 142 129 114 107 184 41"
5,-214331,26340,240671,240671,"81 99 24 95 57 59 196 22 88 87 48 68 6 185 109 29 125 161 0 50 135 75 142 175 98 58 42 21 45 191 110 192 181 160 183 147 37 77 199 35 155 91 12 173 138 13 94 85 179 108 66 46 56 129 20 47 86 132 34 101 144 169 198 73 3 38 23 64 17 118 103 49 55 119 117 139 177 127 148 190 61 8 51 19 63 137 131 114 143 28 40 133 30 197 54 70 194 112 124 4 9 82 1 89 53 166 187 113 120 39 154 151 69 126 67 150 195 159 164 71 15 79 158 31 43 128 163 122 176 152 193 141 170 115 7 27 189 156 84 145 2 165 178 136 174 52 188 16 18 14"
6,-283172,33017,316189,316189,"6 163 89 145 161 55 47 177 125 179 172 50 86 127 112 132 84 19 79 95 42 38 98 110 185 27 54 129 194 75 96 58 106 190 181 192 81 171 52 122 131 49 156 182 17 46 113 164 40 4 25 32 193 100 133 9 123 102 99 128 183 10 65 62 188 153 48 175 150 178 74 36 186 157 160 143 140 121 69 30 31 29 144 83 80 68 39 103 116 135 162 78 16 45 59 167 90 60 109 53 97 130 187 94 18 199 14 41 148 7 115 93 141 82 114 173 2 170 87 134 34 119 33 117 20 152 0 139 5 180 101 88 67 195 8 189 28 159 136 108 142 198 73 111 70 71 26 184 138 23 151 165 15 43 155 64 154 51 176 56 61 92 91 3 76 85 77 166 37 1 57 118 13 147 149 21 24 174 66 196 44 158 169 105 11 197 12"
7,-37471,4899,42370,42370,"68 127 65 138 180 163 49 190 39 99 165 28 195 36 172 86 97 106 194 184 129 102 169 72 167"
8,-78322,7955,86277,86277,"118 76 108 115 194 153 164 198 110 97 117 134 106 86 18 176 152 43 138 191 177 147 48 185 68 158 114 174 132 56 83 195 84 178 143 63 113 55 173 59 53 52 95 160 136 61 42 142 162 197 85 105"
9,-24521,2940,27461,27461,"74 199 71 138 93 112 104 132 188 187 118 35 170 32 102 114 133"
10,-60560,7815,68375,68375,"136 196 138 166 93 139 65 132 46 49 172 109 5 174 9 199 19 183 168 23 131 175 144 134 41 6 179 161 0 30 64 96 151 186 153 194 55 170 28 185"
11,-106099,12007,118106,118106,"189 140 7 1 118 130 135 154 29 177 92 197 125 69 105 65 38 162 74 181 111 11 97 128 18 169 51 42 28 91 68 30 43 145 102 165 5 142 117 66 194 32 168 2 55 109 119 47 89 35 164 178 195 161 33 13 103 77 6 155 133 98 84 104 54 4 40 0 196 95 3"
12,-176247,19511,195758,195758,"162 190 39 126 144 55 5 63 57 133 19 122 161 138 18 89 90 116 157 134 128 119 32 49 199 193 66 34 163 50 132 68 172 8 47 150 184 46 196 182 99 61 65 29 48 87 91 124 171 143 98 146 45 170 31 93 52 6 74 168 160 125 33 107 30 22 112 67 189 86 2 176 75 13 118 195 177 149 42 115 88 16 105 95 167 43 85 70 25 136 131 103 53 152 186 77 101 10 188 97 113 44 148 127 145 56 198 100 72 4 14 135 108 142"
13,-286218,34512,320730,320730,"64 80 94 3 37 187 12 134 103 88 100 139 4 105 18 106 78 42 16 177 9 83 115 152 145 182 46 31 153 61 104 198 32 123 168 1 130 117 22 47 19 190 125 68 155 14 23 142 146 107 25 66 156 89 36 34 133 158 179 171 128 21 41 151 122 91 127 59 86 138 188 186 165 57 11 39 20 93 197 124 136 24 38 17 183 35 45 15 163 129 74 51 192 60 116 189 6 140 141 176 63 30 56 49 175 71 194 75 185 121 126 174 154 98 132 193 48 13 150 29 162 73 109 43 102 199 81 137 79 84 101 113 58 149 82 148 0 62 44 8 135 114 27 144 169 159 120 119 157 180 97 131 50 195 164 178 7 143 77 85 160 52 167 53 184 96 69 196 55 173 33 10 92 70 99 191 87 40 67 54 161 90 166 112 72 2 147 118 5 76 111 108 181 110 170"
14,-35163,3778,38941,38941,"182 187 181 56 121 180 98 118 25 26 107 115 21 65 169 76 152 19 132 57"
15,-78564,9952,88516,88516,"23 136 142 126 2 71 122 159 185 148 15 197 34 54 144 109 29 5 103 56 135 140 163 147 130 150 87 115 31 169 114 175 139 160 151 95 154 138 92 141 35 13 62 65 157 97 153 28 161 44 113 193 1"
16,-12059,946,13005,13005,"127 45 16 134 177 143 140"
17,-145907,17800,163707,163707,"197 89 11 64 123 195 79 78 117 121 7 33 183 163 170 199 105 100 168 63 35 46 74 173 62 70 44 20 112 37 15 192 65 55 119 130 179 82 30 186 108 131 129 104 143 28 137 115 94 114 165 99 0 73 175 97 144 145 87 84 39 17 96 32 31 1 6 60 24 92 162 157 187 151 166 136 198 93 126 181 34 8 72 40 139 171 41 150 66 125 148 45 191 178 155 103 111 83 58 88"
18,-70429,9637,80066,80066,"132 16 96 94 97 183 167 144 86 92 174 153 91 21 185 19 7 136 12 157 57 133 195 9 30 61 64 190 102 109 78 188 44 74 101 192 196 8 173 75 137 85 36 161 150 39 5 126 131 123 128 121"
19,-45879,5535,51414,51414,"64 188 124 193 154 163 179 88 63 112 171 164 42 0 68 105 22 153 126 197 23 173 187 29 70 50 57 194 169 59"
20,-141007,15691,156698,156698,"182 148 135 51 56 140 28 149 183 105 50 18 172 100 147 46 86 68 99 117 82 13 71 196 67 30 42 17 44 161 93 58 181 174 7 84 169 4 38 139 74 25 9 12 137 69 33 151 133 176 162 142 36 186 22 79 110 63 195 55 19 21 114 173 132 75 165 111 129 0 107 125 136 89 64 76 98 78 179 2 166 108 131 26 20 178 49 106 184 65 164 113 24"
21,-130257,17909,148166,148166,"43 74 120 154 167 29 72 77 80 4 139 81 63 193 116 148 71 52 137 26 165 114 174 127 51 6 135 37 188 141 69 58 156 65 133 34 176 189 105 126 20 177 129 108 70 198 185 53 1 111 152 9 17 102 42 107 100 60 64 161 96 19 5 196 3 103 166 23 155 144 39 157 153 173 142 172 199 195 164 171 101 61 134 0 194 67 18 184 24 175 95 27 14 109 44 86 150"
22,-296195,31752,327947,327947,"4 29 5 8 146 77 79 188 193 95 61 63 170 185 147 156 22 83 89 119 16 174 69 50 104 60 37 122 17 160 127 153 62 154 12 102 189 121 56 48 128 135 27 109 140 164 139 94 15 44 117 49 133 26 149 71 177 137 42 76 19 150 167 125 21 43 1 113 103 131 176 88 130 45 168 74 192 80 124 143 178 84 72 54 65 39 144 118 194 163 196 11 190 91 114 75 191 30 85 112 172 182 123 18 53 35 66 145 90 33 20 46 108 81 28 57 86 134 148 97 25 59 166 98 107 100 179 34 161 162 0 175 10 92 64 23 159 155 181 142 70 73 87 101 165 120 96 151 173 138 197 14 51 111 58 106 93 169 199 9 41 32 126 67 157 141 40 13 129 115 38 47 55 183 99 6 152 2 198 78 105 68"
23,-56076,6121,62197,62197,"74 16 167 197 118 156 67 120 136 36 77 104 83 52 196 179 137 90 199 12 116 113 107 37 160 18 49 133 174 147 23 171 20 57"
24,-22281,3452,25733,25733,"155 141 26 29 35 91 172 174 187 69 36 124 132 53 49 192 24 42"
25,-4255,1358,5613,5613,"174 162 180 158 188 157"
26,-18124,2388,20512,20512,"156 154 199 158 36 141 37 23 102 54 166 16 87 2"
27,-126354,16113,142467,142467,"119 123 39 190 170 171 195 44 86 137 92 16 183 136 81 95 120 197 66 155 79 72 199 33 196 8 64 37 11 83 38 14 61 4 113 29 28 91 50 82 77 194 94 189 34 112 69 104 76 156 151 21 187 31 161 56 177 182 26 127 51 20 116 41 192 99 111 138 97 23 90 54 142 158 18 63 65 24 105 80 40 110 103 175 147 169"
28,-6626,544,7170,7170,"49 12 20 86"
29,-115138,13959,129097,129097,"71 28 97 182 174 198 103 2 195 99 84 98 62 134 87 145 40 74 166 68 148 127 15 82 189 102 120 104 6 122 131 196 167 176 57 13 124 93 194 181 95 7 168 101 184 180 159 38 55 111 16 22 83 35 51 77 158 144 64 79 66 192 135 1 20 67 72 10 161 25 183 156 65 34 129 78 76 45 190 171"
30,-80281,8367,88648,88648,"192 55 100 123 28 174 148 197 131 92 70 110 67 32 64 199 135 193 40 74 25 159 136 75 114 53 170 3 18 42 87 97 73 146 162 63 17 147 161 94 30 132 51 8 122 9 177 62 140 49"
31,-269833,32461,302294,302294,"124 198 89 76 155 126 162 146 55 73 6 117 54 22 189 178 38 156 59 57 78 16 15 45 152 37 114 10 51 184 139 65 170 168 46 121 82 23 4 161 107 84 190 106 167 174 118 39 44 122 140 94 34 111 27 14 171 68 60 148 100 172 56 191 125 40 173 77 63 53 64 144 81 158 28 112 85 95 133 154 72 138 87 19 186 135 175 80 193 96 108 197 21 69 150 7 101 180 61 153 115 151 185 35 20 142 29 137 13 42 79 105 104 1 18 50 47 88 116 11 52 176 127 41 32 119 149 97 147 157 165 182 70 160 24 36 31 131 187 164 62 113 130 199 141 25 90 179 159 163 71 192 195 129 194 83 12 169 181 166 145 143 183 109 128 43 188 67 8 3 123 136 92 99 66 58 75 134 110 132 5 9"
32,-133528,17798,151326,151326,"40 144 63 31 82 68 38 83 158 44 56 55 118 65 43 145 194 198 16 100 90 96 42 78 18 51 146 77 91 39 8 72 140 133 131 76 187 48 180 181 20 113 148 157 26 33 64 154 49 46 22 169 9 119 159 196 155 94 47 11 81 13 84 171 1 126 36 87 30 103 166 98 62 41 176 188 179 120 66 162 111 183 32 4 85 37 174 114 110"
33,-210772,24502,235274,235274,"49 97 51 198 62 127 196 70 138 87 174 22 128 52 81 58 88 148 106 134 86 170 165 190 66 96 172 153 46 123 186 131 101 105 135 133 61 166 176 37 29 73 118 5 45 82 137 108 150 33 145 95 19 167 125 197 140 183 80 178 149 9 147 20 89 65 38 43 26 21 57 99 74 0 116 83 53 144 139 72 189 47 117 132 120 35 163 104 75 160 25 100 10 159 195 8 60 146 27 179 169 12 3 129 16 59 24 180 121 177 188 76 41 162 119 152 143 173 34 168 181 54 79 32 30 154 194 40 56 1 68 175 13 124 85 28 112 113 71 191 94 103"
34,-179334,22175,201509,201509,"69 115 153 73 176 0 166 191 103 151 164 101 117 119 173 155 84 162 74 37 81 180 172 13 55 91 54 120 76 154 108 14 18 113 49 178 36 1 71 15 56 140 121 38 46 39 148 193 70 150 42 88 35 45 189 190 25 96 32 197 10 94 188 105 116 100 109 44 177 47 152 87 75 3 182 90 194 31 196 52 102 86 78 156 83 137 60 2 19 142 146 141 4 163 125 114 130 50 20 131 158 67 124 9 62 24 111 51 29 104 53 174 16 107 72 99 133 63 110 89 41 57 98"
35,-81783,11456,93239,93239,"47 134 74 121 118 194 152 84 123 5 102 122 82 88 115 188 70 6 148 111 41 48 147 99 146 91 179 37 52 14 59 0 98 151 67 7 90 105 8 16 68 154 46 79 9 153 183 182 63 149 51 49 75 103 78 32 44 156 191 94 138 162"
36,-106738,11712,118450,118450,"90 180 132 69 66 50 83 138 20 186 79 185 119 60 84 53 15 88 91 187 160 109 197 31 135 102 149 168 134 193 67 129 85 163 75 184 96 92 61 73 95 183 56 43 25 148 133 196 104 177 122 48 156 181 165 74 59 126 120 94 87 42 110 71 57 121 157 23 64"
37,-152727,19200,171927,171927,"12 47 127 94 54 80 192 20 121 100 78 2 107 99 153 95 189 59 190 10 162 24 48 46 23 18 4 137 142 73 109 156 67 150 147 34 29 43 129 198 16 140 175 185 118 87 93 58 41 0 37 49 181 38 104 75 151 62 63 149 144 86 108 164 3 136 74 6 139 76 101 91 102 125 56 53 195 161 70 155 169 197 143 152 65 148 114 57 154 188 130 166 134 105 177 178 179 184 66 72 84 159 55 40 19 68 120 83 111"
38,-90445,11294,101739,101739,"74 158 10 110 27 113 4 80 84 73 95 104 41 142 182 47 171 5 13 17 153 139 36 157 152 8 24 93 18 124 161 71 138 43 106 87 85 112 115 51 180 46 88 141 53 166 117 32 2 33 178 59 54 184 69 196 31 159 163 89 60 186"
39,-183767,19923,203690,203690,"78 119 4 71 37 147 179 69 79 77 159 18 142 188 130 86 14 151 135 169 122 155 109 189 94 156 81 198 171 167 124 21 24 178 56 113 110 39 133 175 150 186 19 97 38 64 172 177 88 59 25 41 85 7 131 23 191 2 138 116 199 96 6 176 141 52 103 187 162 73 89 145 148 46 8 125 102 63 61 13 114 174 68 26 48 0 83 50 195 80 129 144 47 166 153 170 123 30 192 90 161 3 36 45 157 1 154 16 76 84 104 139 181 121 194 51 66 180 29"
40,-170633,21230,191863,191863,"79 137 148 41 158 163 184 111 196 76 131 92 89 84 126 82 104 20 154 122 61 19 51 26 66 142 71 75 189 12 109 125 27 164 37 127 94 172 166 28 152 113 195 149 123 194 115 33 55 85 72 121 24 95 175 54 90 36 48 68 46 77 178 47 156 65 13 155 151 8 31 53 199 81 3 83 9 188 32 67 132 162 133 97 118 138 160 176 39 38 100 144 35 96 5 157 198 112 99 134 136 153 34 49 145 130 102 6 124 177 143 169 7 171 74 165 25 150 135 4 10 29 87 186"
41,-118839,13933,132772,132772,"98 56 76 127 120 134 138 23 179 14 69 110 152 24 139 17 72 74 103 135 78 92 88 116 176 172 122 47 55 186 22 191 41 87 93 32 81 33 170 40 108 49 8 73 27 164 167 114 36 18 187 142 174 157 180 9 189 59 185 44 99 30 144 128 91 85 106 67 83 10 1 95 11 6 117 21 4"
42,-244834,32969,277803,277803,"135 187 32 133 180 156 50 173 68 16 13 98 33 42 17 7 151 155 144 99 106 29 172 177 101 198 9 19 94 193 126 162 26 102 149 59 110 30 109 52 60 43 39 72 5 164 124 25 119 18 170 88 92 114 112 129 37 85 169 175 159 182 174 70 139 34 199 143 104 47 58 168 49 83 136 154 145 186 2 84 4 12 80 147 140 192 27 21 14 137 93 74 76 120 131 157 189 77 115 90 176 152 55 108 69 71 23 185 66 130 184 61 82 121 167 11 79 181 146 191 113 56 73 107 166 46 134 195 105 75 65 196 150 100 118 116 197 171 158 165 178 153 132 40 183 78 8 194 103 0 123 142 63 53 6 190 87 148 28 1 51 122 57 44 86 111 36 48 161 125 128 138 64 179 67 160 141 15 3 89 96 41 38 24 127 54 35 45"
43,-19214,2729,21943,21943,"40 100 105 41 193 54 42 106 70 175 28 91 6 178"
44,-115292,13221,128513,128513,"176 153 97 177 15 173 46 105 41 111 77 7 3 22 136 59 74 137 87 121 139 29 72 103 179 11 120 85 12 2 183 79 56 96 95 117 144 170 140 115 199 55 0 89 165 195 188 10 135 143 92 119 146 127 113 13 108 16 190 164 104 110 37 156 126 159 128 62 180 99 101"
45,-271602,32642,304244,304244,"120 114 116 143 23 88 109 125 135 90 145 159 83 29 28 52 87 110 15 105 161 4 186 27 197 86 142 199 104 94 1 66 119 172 10 95 12 166 103 138 115 151 93 24 58 84 48 69 189 99 49 155 156 167 160 146 45 101 124 129 51 131 2 133 42 70 132 71 26 43 134 100 140 96 21 20 53 31 62 68 57 170 196 32 17 46 188 25 182 78 184 81 148 72 55 63 194 59 39 181 19 130 22 11 106 176 9 136 169 79 177 126 36 141 175 85 147 137 192 153 16 74 102 80 198 65 173 89 150 118 154 157 77 35 162 5 30 121 112 128 44 56 67 18 107 6 139 174 82 75 144 127 149 190 180 50 152 179 97 37 76 165 73 111 47 38 168 158 41 185 7 13 98 164 8 108 113 3 54 33 195 183 61 34"
46,-101898,11775,113673,113673,"71 26 9 118 179 133 125 195 23 78 132 129 1 139 128 104 17 181 60 66 159 138 48 19 122 101 88 64 61 58 191 69 171 136 187 190 50 94 51 96 12 134 127 121 153 68 166 56 150 25 13 146 120 47 43 116 63 140 189 86 110 84 49 112 15"
47,-118603,13920,132523,132523,"13 171 167 155 29 87 57 7 62 70 21 52 17 157 197 121 108 16 176 6 183 81 151 132 15 71 77 177 117 38 128 0 24 164 67 45 50 127 140 63 36 112 3 123 69 124 148 79 37 163 185 115 195 129 64 105 28 65 91 74 34 114 169 196 166 26 198 141 126 55 44 184 46 122 144 18"
48,-82698,9981,92679,92679,"119 189 71 130 104 132 98 21 52 2 131 99 148 152 122 146 147 70 160 22 182 149 93 84 137 16 107 57 125 66 74 155 151 118 157 97 167 59 170 27 63 53 17 30 124 113 115 75 56 72 112 138 116 47 24 18 128 36 76 31"
49,-133162,16511,149673,149673,"82 143 1 41 75 36 24 120 130 12 168 2 102 186 151 13 159 108 79 158 147 81 33 169 101 174 71 155 61 152 131 181 183 27 3 172 64 162 139 29 32 99 17 199 103 146 66 177 26 117 170 10 21 76 8 4 122 167 110 164 128 140 34 160 63 150 161 156 65 185 67 109 72 80 58 193 106 43 74 142 88 47 112 89 127 46 118 69 77 35 7 42"
50,-119707,15810,135517,135517,"43 87 120 53 62 18 196 162 136 44 20 11 156 154 88 100 166 107 163 73 85 21 176 57 83 192 38 134 58 109 99 158 95 178 174 144 48 19 52 113 84 140 61 104 182 9 15 39 153 49 101 146 133 31 42 51 77 66 32 103 28 127 123 152 34 41 63 173 115 117 189 1 116 59 54 22 82 164 119 7 60 111"
51,-214333,27037,241370,241370,"116 144 146 88 191 54 177 188 33 160 48 180 99 132 73 68 24 98 15 187 103 37 148 114 124 25 130 169 115 58 192 86 112 100 7 198 3 97 127 190 74 64 71 136 110 46 75 95 105 163 69 22 176 117 85 13 197 47 92 128 34 30 142 165 121 21 50 194 170 102 107 119 145 35 152 29 162 173 164 9 135 70 51 6 94 138 156 193 40 122 36 134 111 65 185 38 184 42 149 4 5 189 72 23 11 171 0 19 106 183 79 133 49 90 101 10 113 44 150 63 174 8 20 32 61 82 84 159 151 179 45 181 186 80 167 55 96 178 87 56 126 77 120 31 172 78 91 139 14 155 153 125"
52,-230437,29105,259542,259542,"198 67 132 145 159 191 6 65 127 199 104 95 20 178 130 153 194 32 3 137 168 60 41 152 86 151 2 173 30 109 72 172 195 91 47 28 129 158 189 133 43 182 115 52 175 193 103 179 8 174 81 185 42 150 76 34 18 14 187 148 31 155 121 180 51 112 12 120 0 197 96 35 62 22 5 29 161 88 171 24 66 40 169 136 141 75 71 23 108 93 13 105 94 27 170 54 123 192 101 97 98 135 11 125 186 26 37 124 7 140 36 160 102 9 134 164 154 149 61 122 79 196 38 183 177 90 57 110 107 44 167 126 70 59 48 117 19 113 100 55 33 131 119 89 99 84 39 53 25 46 128 184 82 78 74 68 21 92 69 83 142 166 146 116 1"
53,-87195,11256,98451,98451,"160 144 79 174 158 27 128 161 110 89 25 178 74 127 120 153 84 130 118 197 133 142 24 39 61 16 95 151 135 72 51 192 82 46 104 176 149 86 119 97 43 78 163 166 31 139 184 66 29 65 199 179 171 45 126 136 168 14 194 77 155 92 99"
54,-289722,32529,322251,322251,"137 35 153 72 13 161 189 11 122 194 156 175 131 78 105 59 25 195 147 158 155 124 32 18 199 61 173 22 169 63 177 182 120 95 30 135 170 92 14 142 172 37 51 41 1 34 60 180 19 73 96 75 187 24 21 49 128 69 104 110 99 185 149 56 48 107 77 114 10 138 91 3 139 4 171 151 5 168 134 36 65 86 117 70 97 126 87 109 74 67 100 40 183 27 50 152 106 31 9 15 103 127 148 64 88 164 123 111 163 150 115 26 157 191 146 53 193 62 71 16 112 186 129 125 116 118 184 80 42 28 52 6 46 176 20 68 196 197 160 57 12 43 94 145 154 98 47 119 83 178 44 38 54 2 58 179 144 140 188 81 7 190 132 90 17 101 174 167 85 166 198 162 192 121 29 89 181 143 141 113 66 108 136 76"
55,-257581,32228,289809,289809,"36 181 30 21 198 20 147 100 108 23 77 149 111 27 146 4 166 135 175 42 35 110 180 184 92 56 54 128 182 44 114 61 103 162 174 179 46 195 84 171 173 109 187 132 137 133 7 118 127 74 65 140 31 69 199 93 176 113 142 24 154 167 99 22 117 165 157 52 14 120 130 83 18 98 87 89 51 161 126 28 82 97 34 39 121 188 6 189 170 5 116 50 47 143 148 191 55 62 102 163 8 33 73 159 58 80 68 41 86 144 156 12 91 11 119 76 25 19 122 196 79 78 2 186 17 67 71 129 185 10 3 85 138 101 32 90 40 63 123 183 139 64 60 168 125 136 141 131 105 88 164 169 158 96 160 1 16 106 37 75 155 107 95 193 66 151 0 134 115 38 43 29 72 9 45 15 70 197 81 53 152"
56,-66152,8120,74272,74272,"140 187 155 104 147 160 65 113 193 118 154 70 176 27 110 124 84 137 51 53 149 178 63 190 157 182 6 58 188 32 99 105 23 135 67 98 54 158 108 45 47 57 74 72"
57,-261313,30966,292279,292279,"82 150 194 167 48 197 108 79 185 125 17 54 3 153 136 47 75 118 193 145 22 138 169 58 131 62 31 160 72 86 115 15 12 106 80 43 158 99 168 89 157 111 175 45 66 27 93 141 187 104 98 64 100 134 164 63 152 61 144 39 120 184 34 46 44 68 50 117 40 109 116 188 92 53 135 148 140 176 38 88 180 182 177 124 78 95 56 174 181 173 91 190 30 19 139 155 110 10 147 87 107 126 41 121 191 18 179 165 96 8 11 130 84 4 143 9 122 2 26 65 7 69 186 103 59 24 195 55 25 105 102 128 172 90 13 29 71 21 178 161 14 33 192 162 36 127 163 32 154 42 74 151 149 57 73 97 6 156 67 132 183 51 52 171 0 70 60 137 94 166 37 113 101 76"
58,-63654,7873,71527,71527,"108 57 59 0 9 114 189 100 153 97 130 88 94 132 125 179 51 34 170 54 180 19 131 73 24 96 134 136 139 147 146 118 117 171 143 141 13 44 142 167 84 183 181 75"
59,-34235,3541,37776,37776,"67 22 51 7 105 145 45 47 95 79 41 123 1 126 5 111 63 9 108 55 188 85 76"
60,-75873,8280,84153,84153,"36 153 199 135 178 73 167 55 148 13 175 160 32 47 182 48 131 154 43 20 129 103 95 78 26 15 77 179 100 76 173 136 166 156 24 181 187 195 141 93 169 122 119 145 0 19 161 67 8 147 105 134 108"
61,-136375,15617,151992,151992,"8 53 168 25 88 133 61 23 131 182 109 48 167 120 161 26 110 54 139 75 84 178 118 165 129 135 111 146 193 19 173 94 117 143 186 82 192 101 153 121 41 154 32 24 113 99 11 142 189 79 144 9 46 33 50 28 85 115 42 152 149 12 98 58 174 21 91 148 191 181 179 163 156 39 69 97 3 34 145 194 188 134 83 14 68 190 104 29 125 52 65 43"
62,-4861,987,5848,5848,"118 138 39 117"
63,-183439,20960,204399,204399,"12 84 152 174 135 5 76 160 37 190 116 193 134 29 49 98 32 45 103 55 102 67 25 127 72 41 69 155 50 30 163 176 39 38 147 156 198 92 144 62 27 161 63 85 185 119 148 73 16 142 87 48 71 133 125 89 117 28 86 104 106 115 58 196 189 166 164 131 10 183 65 132 169 35 40 175 124 138 108 70 66 78 179 199 180 165 23 2 56 44 15 186 61 111 195 22 24 46 167 43 137 77 188 31 64 60 197 95 105 170 79 8 11 145 21 18 136 157"
64,-57080,4408,61488,61488,"64 187 110 135 73 1 89 102 192 143 53 78 153 63 95 191 8 177 112 122 23 197 182 5 194 41 106 124 199 35 71 125 18"
65,-175212,23167,198379,198379,"60 23 21 136 132 196 189 144 64 31 80 17 7 85 24 81 79 19 106 71 135 16 184 15 178 167 170 143 46 54 22 166 32 74 123 88 30 141 154 33 69 12 0 146 14 8 62 20 177 117 39 5 110 140 160 137 100 152 93 102 118 157 164 109 161 77 41 126 195 187 27 180 108 97 45 111 98 61 103 68 2 124 128 114 129 134 151 65 87 197 3 190 83 172 176 153 127 35 6 186 82 26 91 159 29 174 57 139 94 171 116 191 4 122 179 115 56 155 165 119 18 142 158 96 105"
66,-276119,31876,307995,307995,"110 11 150 97 60 187 125 161 5 169 16 28 152 156 196 107 47 91 142 123 164 111 10 87 89 55 95 4 113 176 3 189 198 122 165 193 83 90 130 148 42 139 88 172 143 14 35 166 162 18 185 132 94 38 158 86 159 126 52 129 99 50 48 106 160 57 138 195 104 65 8 182 41 70 68 117 71 109 92 137 101 102 24 74 56 61 181 190 85 183 19 167 186 21 145 30 147 114 54 44 22 135 124 155 23 79 69 32 49 153 84 140 179 40 178 29 197 9 144 77 120 199 12 67 174 191 2 177 100 27 96 151 154 64 82 62 72 33 46 175 118 6 127 131 59 192 58 31 78 112 39 121 188 76 194 37 1 133 66 184 171 180 149 136 168 63 93 75 146 51 134 115 0 17 128 26 173 141"
67,-112768,13342,126110,126110,"114 113 105 17 61 138 34 160 24 92 186 109 4 78 117 87 57 71 62 140 130 112 40 195 101 179 199 3 166 21 26 74 30 97 75 59 169 145 90 175 6 136 177 43 23 44 135 118 184 176 67 8 132 85 16 172 147 12 11 129 96 122 93 70 53 154 159 83 84 103 18 142 156 126 116 191 107"
68,-19314,1649,20963,20963,"154 25 127 20 174 90 96 165 117 37 182"
69,-21646,2676,24322,24322,"111 47 185 169 164 120 15 177 146 135 25 113 19 34 137 0"
70,-301765,34516,336281,336281,"23 29 8 42 195 170 134 56 109 102 140 115 26 152 156 165 76 110 169 31 20 19 171 100 136 57 117 184 185 11 112 16 144 130 74 64 127 106 93 166 173 75 65 67 95 10 188 46 97 88 177 85 6 98 91 124 39 37 21 49 84 164 157 182 113 143 104 32 1 30 71 132 179 148 172 79 193 138 34 198 168 163 77 9 89 15 123 96 28 62 69 191 133 87 162 72 33 125 92 181 17 60 151 147 114 101 2 53 55 199 47 63 86 59 0 27 189 81 149 90 94 25 128 99 145 196 161 186 178 12 54 70 194 131 187 45 51 139 119 142 13 61 107 14 18 36 108 150 190 40 121 137 78 175 5 50 122 3 38 153 141 183 135 167 22 7 146 118 82 43 176 116 105 52 83 155 24 154 41 103 80 48 66 180 192 158 58 73 197 159 68 4 44 126 120"
71,-157460,19851,177311,177311,"119 57 128 139 100 103 109 84 118 158 135 115 197 90 38 66 102 184 40 141 1 152 78 199 89 77 98 25 27 87 171 55 61 146 54 111 3 179 79 17 82 154 68 175 28 129 71 198 108 80 19 99 14 183 104 124 5 134 29 85 46 18 144 121 181 116 93 169 105 59 42 49 97 37 143 20 24 186 172 96 176 47 107 193 65 101 11 41 170 15 155 7 13 48 187 91 174 69 81 10 177 74 44 31 168 185 67 147 131 56"
72,-140451,15149,155600,155600,"182 121 5 119 170 87 54 9 62 56 90 197 85 16 25 43 67 63 42 49 83 110 23 78 106 52 34 95 137 144 100 19 165 48 143 53 80 94 35 8 50 47 31 191 10 59 161 157 103 91 101 156 107 69 116 0 140 134 181 158 33 28 65 109 98 86 41 160 130 117 175 3 45 184 129 39 127 38 58 92 125 174 17 57 148 124 188 142 1 190 13"
73,-245644,28184,273828,273828,"119 174 118 23 24 186 159 33 195 78 157 18 199 1 114 26 101 44 75 131 85 35 95 185 158 190 14 7 141 9 117 41 28 128 104 172 74 8 122 22 90 150 191 88 120 177 137 70 126 165 54 143 60 68 135 0 129 2 63 124 48 38 178 194 43 133 50 99 53 167 42 4 56 197 57 39 10 31 106 145 163 108 173 176 175 166 110 25 30 93 171 148 132 59 6 144 100 19 83 92 51 34 15 184 94 81 96 49 98 198 40 109 180 193 140 52 69 142 32 130 196 16 80 5 181 160 102 111 112 79 147 45 36 71 62 86 47 187 183 84 97 182 169 46 192 161 20 29 12 73 89 188 37 82 105 103 154 76 116"
74,-189664,21240,210904,210904,"81 163 128 23 85 119 55 161 106 39 71 136 164 129 171 15 96 120 92 144 111 188 40 193 42 108 38 87 44 11 179 94 143 63 187 149 123 16 132 24 167 183 116 141 33 72 176 157 61 127 159 191 170 21 100 152 133 90 195 150 68 79 182 6 25 197 102 82 118 114 134 50 12 9 31 27 166 83 48 110 45 34 26 59 172 8 18 109 112 78 36 86 5 154 80 174 160 89 104 122 103 130 142 155 7 22 126 135 184 146 88 57 190 69 13 0 77 153 75 74 173 73 117"
75,-230797,27645,258442,258442,"63 80 33 179 8 166 165 150 13 36 107 77 75 68 19 116 92 57 0 189 2 160 141 47 124 82 145 180 176 21 85 78 100 98 30 52 54 29 72 167 140 53 137 27 62 23 186 192 181 125 158 14 193 106 25 91 119 142 93 89 151 199 10 175 188 121 96 50 83 146 182 3 155 81 79 42 130 114 49 178 148 48 56 7 120 162 131 154 135 38 136 126 26 108 149 112 118 133 101 184 97 99 153 28 69 4 35 104 43 138 67 103 44 197 61 40 183 171 39 109 161 95 88 139 198 5 16 12 70 163 105 34 172 156 71 60 194 164 157 132 65 187 177 195 84 173 123 73 122 174 134 113 55 6 147 41 191 143 20 1 152"
76,-205060,25423,230483,230483,"25 162 179 56 2 60 67 14 173 198 150 75 190 146 91 148 107 132 61 95 183 70 80 98 125 169 55 90 110 191 111 157 137 76 121 89 152 134 112 51 126 82 170 100 27 136 104 140 180 193 31 50 77 15 81 1 124 4 72 159 88 116 73 103 127 149 122 16 192 30 29 115 197 154 164 101 83 33 36 177 59 12 86 39 45 176 22 196 48 18 38 21 109 5 187 120 102 28 99 188 151 106 199 93 168 49 139 74 186 62 17 161 195 141 32 128 165 167 178 84 69 85 23 97 34 65 143 185 94 160 163 118 181 79 189 64 8 71 7 175 138 47"
77,-264700,29164,293864,293864,"138 8 156 55 103 168 92 37 193 136 36 33 53 28 166 71 190 51 27 137 127 118 198 78 195 88 154 197 171 126 174 159 69 74 70 57 170 149 179 9 129 122 176 42 142 84 132 104 157 83 1 91 169 173 13 66 11 114 76 150 140 184 125 94 23 79 112 4 152 194 43 48 186 147 65 68 165 35 128 120 153 134 101 181 151 62 183 145 113 85 17 86 111 80 117 44 141 30 98 77 135 56 6 99 160 0 15 73 54 161 178 90 97 108 21 59 100 24 199 164 26 115 14 133 180 10 106 5 93 187 41 40 158 3 146 58 67 155 61 139 63 119 177 64 130 192 191 20 162 46 131 2 22 7 29 52 109 116 81 105 19 72 45"
78,-19615,2373,21988,21988,"10 14 56 182 63 103 93 49 176 197 48 0 179"
79,-7607,199,7806,7806,"98 18"
80,-46277,5615,51892,51892,"54 3 129 32 10 147 134 199 38 40 138 73 72 176 89 46 29 171 198 49 142 153 144 5 109 58 31 159 63 64 74 146"
81,-101327,12596,113923,113923,"125 67 126 173 87 140 160 157 167 25 19 60 31 89 174 178 35 24 182 133 39 175 158 33 114 84 80 82 75 46 17 99 56 105 109 45 188 16 98 161 168 22 8 180 170 187 63 29 36 132 23 48 26 86 136 146 47 107 12 5 169 137 152 117 102 97 121 172 72 3"
82,-228937,26356,255293,255293,"82 41 65 94 124 55 194 36 157 30 188 155 172 179 121 48 134 62 47 63 123 190 64 92 49 81 45 9 22 33 170 129 35 6 175 78 1 75 12 85 108 171 14 90 118 80 50 195 66 69 168 130 141 139 182 177 122 151 150 160 89 148 120 34 23 199 100 27 158 19 17 184 135 93 128 196 7 97 176 88 87 57 140 197 143 113 25 56 5 106 91 167 72 193 60 98 0 71 40 103 61 131 28 73 37 192 3 149 109 99 142 38 96 74 174 20 166 162 77 133 198 11 164 68 107 165 95 178 79 163 110 24 15 76 112 152 104 132 31 16 86 186 191 70 189 138 53 52 153 44 46 101"
83,-282679,34348,317027,317027,"128 15 117 153 175 157 110 179 187 12 75 154 158 47 96 83 173 49 76 43 64 118 155 65 48 189 135 167 190 69 174 52 99 113 30 100 21 94 6 127 151 45 134 86 51 182 164 197 42 53 115 149 193 129 119 169 34 28 10 124 170 84 103 136 3 196 107 122 7 188 95 66 40 68 130 91 5 152 186 146 23 2 22 185 9 140 63 143 159 139 56 16 13 177 133 104 46 92 121 165 198 24 172 78 58 79 0 88 41 199 87 138 114 67 85 19 181 131 77 31 183 33 125 17 57 32 55 150 93 54 50 194 171 195 144 20 176 29 161 156 89 1 90 184 71 142 61 123 70 105 147 62 81 39 145 112 60 35 141 191 116 11 73 25 97 160 180 102 38 137 27 178 101 80 18 14 26 168 148 132 162 98 163 120 192 166 106 37 44 109 59 82 4 72 126"
84,-174276,18870,193146,193146,"151 12 185 111 84 18 166 28 117 41 40 164 73 5 137 123 128 134 110 115 93 172 113 53 85 47 9 158 49 23 76 8 183 89 189 108 190 116 170 127 20 67 157 95 13 11 54 61 98 48 2 35 114 120 43 169 57 102 10 34 145 58 22 180 46 81 132 181 188 135 66 193 187 168 42 52 175 165 19 131 112 97 70 25 75 0 80 119 69 78 176 7 100 32 178 156 16 87 199 27 160 31 94 192 140 36 56 159"
85,-174543,21612,196155,196155,"73 26 108 140 127 152 84 52 180 195 37 22 158 12 191 9 138 54 121 25 154 76 99 79 107 167 68 48 175 59 8 141 153 105 58 51 94 46 100 91 111 139 96 74 168 173 49 106 34 187 32 163 7 130 24 83 159 116 137 101 3 82 57 177 190 39 120 81 45 184 145 70 30 164 119 21 88 182 148 161 41 92 95 174 155 85 160 142 150 110 11 136 56 23 134 179 192 64 60 196 93 149 62 86 162 47 66 71 75 193 31 143"
86,-267310,30852,298162,298162,"43 41 148 100 29 189 8 167 145 117 26 110 163 149 193 97 87 141 119 159 98 135 63 25 73 172 192 70 36 53 50 94 38 51 9 170 175 28 47 57 188 191 136 102 68 138 60 48 118 33 17 71 37 77 7 186 82 52 194 199 122 130 146 108 2 198 161 151 18 10 105 99 40 173 125 183 65 168 16 90 140 13 30 4 44 74 162 79 190 45 171 179 113 154 126 58 124 54 153 0 184 143 3 86 165 11 150 169 103 96 131 164 127 160 147 132 158 12 61 176 39 89 46 22 24 178 92 66 23 84 49 120 20 144 1 80 166 174 42 59 104 152 123 106 93 64 182 111 5 196 35 32 185 76 195 107 14 115 31 21 116 81 187 121 157 197 134 15 69 78 95 75 133 129 137"
87,-206029,25908,231937,231937,"71 70 60 185 17 52 87 26 161 61 139 198 180 98 81 188 1 68 128 88 94 189 183 75 56 33 150 123 13 44 121 124 163 62 126 186 14 18 111 34 130 7 55 37 144 192 76 89 4 72 146 193 45 54 36 57 154 149 199 191 22 125 143 100 137 66 48 5 41 187 167 177 110 73 196 142 135 140 122 74 197 2 95 78 92 9 159 116 0 38 119 21 103 27 182 136 47 79 67 42 30 153 157 3 53 158 32 160 165 6 102 106 147 168 164 109 31 194 69 8 176 174 179 50 173 175 64 190 115 25 127 28 145 141 99 132 90 129 117 49 131 80 151 97 24 83 12 23 133 172"
88,-82171,11346,93517,93517,"75 63 197 26 27 44 99 184 103 18 115 190 118 149 160 92 135 179 198 161 36 106 140 54 147 117 108 120 180 62 68 122 12 192 96 64 37 60 94 84 21 58 110 7 102 154 153 70 193 151 95 90 72 123 97 143 10 4 85 98 0 111"
89,-32700,3291,35991,35991,"74 82 22 97 11 40 197 17 53 112 91 192 0 146 15 78 124 188"
90,-244339,30207,274546,274546,"185 193 130 135 48 125 47 91 148 171 3 97 29 59 127 22 96 101 34 12 180 194 37 75 21 50 38 23 165 133 27 123 73 197 198 87 74 163 16 68 52 44 182 104 105 65 45 190 92 99 149 136 169 98 128 122 120 5 100 113 159 61 141 77 166 36 157 86 110 191 6 95 188 155 154 17 124 31 117 28 176 161 35 106 82 76 85 51 109 15 24 192 2 90 183 196 160 170 152 164 63 179 147 33 142 42 103 139 83 112 131 145 14 158 53 67 132 57 189 66 129 144 116 186 20 146 72 126 1 187 107 41 78 9 199 168 150 121 108 56 7 81 71 30 174 32 10 177 18 11 195 137 4 167 89 19 88 79 172 25 39 54 0 62 102 94 138 118 26 162 151"
91,-168971,19694,188665,188665,"80 113 107 85 148 138 121 127 123 114 104 130 140 11 149 88 14 55 48 169 3 41 134 0 91 42 61 77 7 37 165 90 15 124 93 180 54 39 69 24 70 195 96 168 129 67 27 122 155 87 116 111 173 84 117 156 86 196 29 10 82 176 172 12 110 74 161 20 23 33 112 106 6 126 58 71 144 191 32 185 50 52 57 56 1 40 154 97 100 34 152 83 133 164 35 59 105 9 17 139 13 178 192 145 75 5 81 198 141 45 171 25 8 132"
92,-159490,19339,178829,178829,"140 179 176 6 25 184 122 162 44 57 111 50 72 175 90 149 177 32 160 170 186 107 147 145 27 10 36 78 77 42 47 188 31 2 34 148 104 48 88 33 106 9 144 91 174 116 39 131 183 61 164 1 14 180 99 12 83 129 120 142 4 192 196 157 70 46 119 118 110 68 75 86 52 156 134 82 150 100 35 165 141 158 80 65 3 53 71 112 102 63 95 199 20 191 43 87 55 24 30 84 159 138 0 143 178 115 69 182"
93,-232329,25941,258270,258270,"85 100 5 172 32 138 67 39 190 139 34 137 113 58 157 121 102 24 4 169 184 176 163 3 19 195 101 54 112 83 192 10 189 31 23 187 73 98 72 71 74 164 81 79 199 179 167 142 86 30 89 198 168 185 135 95 120 171 116 175 49 110 37 180 92 42 188 46 45 77 160 191 80 181 134 130 144 150 8 87 63 117 22 76 38 16 193 129 115 18 88 155 2 96 178 107 118 151 1 182 21 13 186 60 29 114 104 84 145 62 61 50 156 103 194 82 36 132 143 6 59 27 91 69 14 9 148 106 57 53 174 131 15 41 162 35 122 125 52 161 25 124 0 165 133 170 119 109 154 7"
94,-47129,5525,52654,52654,"27 73 84 167 179 16 149 30 198 85 37 120 35 168 155 193 173 89 162 6 151 7 111 47 98 69 0 158 61 124 180"
95,-199814,20877,220691,220691,"48 78 195 19 44 10 33 88 189 43 103 1 146 145 179 96 24 157 68 125 49 141 97 116 100 91 138 182 188 110 35 169 69 99 149 187 178 118 15 25 177 196 77 27 111 102 17 126 113 26 121 50 89 105 92 20 166 9 162 180 165 199 132 56 18 79 94 128 90 136 65 122 34 52 37 85 64 115 67 114 16 117 84 185 86 98 54 147 197 75 55 134 42 81 174 72 46 6 95 59 4 82 83 156 171 140 12 170 28 137 30 109 193 106 107 158 194"
96,-112169,14243,126412,126412,"133 160 134 43 155 46 67 77 148 159 190 93 19 105 163 83 18 194 2 156 142 62 41 95 27 184 115 161 178 196 129 191 164 198 118 82 44 16 25 15 103 185 30 124 6 112 136 49 47 68 104 125 79 9 170 72 177 131 20 158 91 146 168 149 75 102 144 29 135 193 183 88 197 171 113"
97,-278665,32112,310777,310777,"47 39 109 194 1 199 134 99 53 93 105 183 88 58 125 140 180 9 126 79 68 187 175 77 150 117 84 71 193 103 136 21 191 161 127 113 186 160 63 166 157 114 64 82 106 195 121 54 76 179 185 168 23 56 162 25 188 104 83 16 34 167 28 123 60 78 30 3 116 80 135 97 153 184 35 124 156 101 198 0 49 159 67 2 98 10 96 20 165 32 14 50 12 36 33 169 22 108 6 100 181 57 129 139 122 17 81 31 155 92 52 115 27 149 119 138 137 112 171 44 11 170 4 143 89 5 111 37 177 176 86 66 72 133 172 107 48 24 151 18 90 152 75 8 146 95 174 94 40 148 42 70 19 196 13 65 102 73 190 29 110 87 45 85 55 192 118 145 38 61 91 154 131 26 141 197 142 15 41 62 132 51 178 164"
98,-268016,33845,301861,301861,"160 136 125 105 170 194 155 195 54 22 134 140 11 34 27 30 52 50 148 181 9 84 174 130 31 175 131 151 1 157 191 91 76 118 5 122 36 8 106 19 141 81 101 64 65 42 87 100 73 189 17 179 61 24 117 108 188 3 116 104 114 192 178 107 180 197 21 82 103 86 171 198 7 109 190 161 164 96 115 185 55 182 23 186 18 184 168 75 196 58 37 94 144 26 15 28 193 97 176 133 16 169 78 153 165 163 40 183 143 146 121 71 112 124 167 177 13 63 38 159 47 93 2 56 88 32 46 35 41 172 83 149 77 120 6 92 48 57 85 60 80 99 39 128 25 44 72 98 14 102 74 62 123 142 10 137 45 152 70 59 135 162 51 154 111 12 4 53 173 43 110 89 119 95 113 139 156 0 199 68 187 126 129 138 33 29 166 158 132 90 49 66"
99,-95733,10938,106671,106671,"49 67 98 70 135 52 165 151 57 118 12 72 143 144 69 95 62 63 107 110 26 94 89 99 106 194 111 190 43 21 15 140 25 64 184 103 59 128 90 189 102 109 77 11 30 113 81 48 56 47 78 33 93 198 8 199 195 14 179 117 158"
100,-289467,34791,324258,324258,"31 191 160 52 14 51 7 164 58 5 195 48 40 128 59 139 193 6 84 135 157 18 94 45 81 60 80 113 130 66 20 85 72 101 120 97 41 108 122 174 64 125 175 141 75 46 115 140 62 53 192 154 37 138 9 156 16 163 91 124 185 102 173 89 177 67 24 167 96 99 25 100 33 150 79 32 38 196 118 23 13 70 92 155 182 161 112 153 103 170 199 179 28 0 36 93 87 121 44 184 83 172 19 11 42 63 4 22 105 183 168 74 27 131 142 110 194 166 129 35 56 107 43 189 178 117 76 73 111 55 133 10 34 98 126 71 61 86 146 21 187 68 47 2 29 88 26 159 137 151 114 134 143 165 136 171 198 188 8 39 17 176 15 197 158 50 123 144 65 186 69 49 169 12 148 104 119 152 162 149 3 181 116 82 180 30 1 54 78 132 95 145 106 127 109 90 57 147"
101,-282814,33283,316097,316097,"98 164 125 33 57 184 86 172 62 193 99 178 71 21 77 96 67 75 117 38 137 59 93 183 138 131 170 8 48 64 83 7 140 135 3 198 127 118 160 43 37 157 119 173 142 91 112 144 19 169 10 176 51 50 139 13 132 94 130 55 26 188 35 36 143 82 110 126 14 155 105 1 89 122 65 189 5 24 197 154 20 182 61 27 134 102 181 150 39 78 101 115 11 141 34 29 70 159 23 161 63 90 95 74 49 129 195 45 114 124 69 156 56 100 80 106 28 120 146 136 167 53 149 180 187 41 162 128 108 163 85 25 58 32 84 22 152 199 103 147 87 153 73 30 81 60 79 111 158 151 148 113 44 133 177 168 6 190 145 165 9 52 47 40 121 179 46 12 171 15 191 174 104 76 109 54 0 4 18 107 72 166 68 2 185 116"
102,-255611,29552,285163,285163,"113 152 170 136 37 162 154 51 156 157 195 92 177 80 129 78 77 91 103 153 3 160 115 94 188 172 100 182 45 117 148 196 131 70 121 47 174 35 110 36 116 149 98 179 181 18 139 69 24 95 58 73 193 111 41 81 114 171 185 119 65 4 7 79 144 128 180 167 88 55 194 31 138 17 26 9 0 135 150 53 108 158 30 151 56 11 141 137 102 14 90 60 43 8 20 5 168 169 126 74 46 64 184 198 130 161 28 159 112 61 71 27 120 99 13 67 190 142 133 34 86 175 146 57 147 191 89 140 2 164 83 49 93 143 39 176 38 75 22 16 97 72 107 155 29 63 84 44 48 118 21 15 134 104 127 197 68 145 10 33 6 50 189 66 54 106 25 85 163"
103,-108597,11731,120328,120328,"188 61 0 63 49 144 134 120 45 84 59 31 117 164 15 186 93 75 87 138 92 151 77 177 169 167 10 56 39 171 175 122 69 159 30 124 152 154 106 113 109 27 147 74 136 95 18 81 103 98 192 168 149 90 14 183 9 131 70 11 64 23 20 53 181"
104,-224486,26809,251295,251295,"53 127 78 67 116 98 167 193 72 39 10 26 60 19 54 9 5 144 169 118 135 102 150 44 161 113 149 194 84 0 36 74 71 159 50 99 40 7 198 59 134 126 47 61 173 190 120 48 29 38 83 94 165 17 108 73 166 81 137 110 28 32 49 82 187 89 197 192 41 97 100 148 182 20 130 140 6 147 139 143 91 35 145 164 45 136 117 133 157 104 112 37 122 27 65 3 70 80 181 43 88 178 69 23 101 163 64 105 119 186 170 16 109 51 34 42 174 180 153 15 106 75 103 158 172 52 114 68 31 33 66 124 141 90 152 160 132 185 155 188 58 93 63 24 179"
105,-94079,11568,105647,105647,"152 13 106 24 133 151 119 187 139 153 102 162 166 95 50 90 112 88 111 9 51 96 165 25 5 100 35 180 48 160 172 92 42 126 32 63 84 72 104 52 134 143 147 110 41 49 91 0 87 99 141 179 89 176 93 182 184 107 64 136 137 186 170 129 154 124 18 121"
106,-3906,538,4444,4444,"103 53"
107,-91528,10493,102021,102021,"183 104 116 122 14 88 50 98 99 169 28 146 149 198 114 132 191 1 189 52 55 162 29 141 193 81 130 10 136 34 82 3 123 43 80 21 0 90 74 63 42 177 19 112 181 120 134 171 110 101 27 131 172 9 25 109 194 66 51 78 54 173 93"
108,-50963,5783,56746,56746,"67 13 60 4 64 32 121 185 112 171 3 115 188 106 195 73 15 44 47 6 50 77 24 153 26 157 17 57 163 184 94"
109,-13356,2421,15777,15777,"197 131 167 102 80 48 161 157 32 40 136 92 79 60"
110,-50692,6751,57443,57443,"65 147 12 179 9 102 166 33 97 8 156 69 162 181 19 99 194 22 118 135 68 100 158 151 198 137 197 27 104 199 123 109 144 176 154 126 140 191 51 95"
111,-51152,7579,58731,58731,"150 81 170 91 5 172 188 121 175 42 74 157 97 41 166 155 177 53 141 190 19 158 189 39 138 7 124 3 66 198 142 181 184 115 17 118 70 9"
112,-77345,11476,88821,88821,"24 115 156 21 121 136 8 63 137 98 155 143 160 19 188 176 130 75 152 41 60 144 13 74 182 168 191 65 37 193 54 127 7 172 88 157 145 38 77 140 179 186 31 6 132 69 100 2 48 99 112 34 44 92 101 120 89 1 96"
113,-243549,28666,272215,272215,"112 189 80 179 113 190 138 12 75 142 84 40 143 54 151 131 116 161 67 140 31 23 94 29 66 93 157 122 22 42 194 171 24 109 117 101 155 33 141 180 88 90 197 5 139 149 145 61 195 27 103 79 170 102 134 58 172 129 82 35 153 130 125 46 65 126 137 183 6 193 8 133 52 156 154 99 78 10 106 38 32 175 111 81 96 166 174 26 97 45 160 70 124 146 19 163 186 25 30 169 15 176 158 51 59 185 104 108 64 123 198 91 50 127 47 11 2 48 92 17 181 187 147 199 4 98 34 184 118 76 178 121 191 1 150 18 28 37 39 120 74 57 188 9 144 173 71 95 56 87 105 86 162 63 62 196 165 177 36 85 152 167 13 83 72 100 148"
114,-53853,5192,59045,59045,"61 5 17 83 143 112 166 146 172 58 71 87 147 138 137 18 69 21 109 165 110 195 34 168 185 67 48 81 113 89 26 190"
115,-246181,28923,275104,275104,"156 45 130 53 199 52 64 84 95 149 69 31 46 168 133 117 189 49 24 139 17 112 180 169 20 166 115 90 58 82 33 85 148 25 154 193 122 44 72 30 159 174 145 41 114 140 94 92 179 10 88 55 157 196 170 62 3 182 172 105 97 77 35 120 144 119 42 160 171 32 37 195 96 29 137 175 48 100 22 143 89 8 80 93 150 7 161 6 27 107 1 162 102 60 110 99 167 76 4 13 136 47 134 191 106 83 16 11 43 155 198 165 113 57 68 98 9 56 177 40 158 0 192 65 142 67 109 188 91 125 176 86 75 81 14 19 5 38 2 153 135 101 73 104 36 39 34 152 184 116 190 146 194 141 186 121 131 197 183 127 66 71 185 78 138 163"
116,-78989,9785,88774,88774,"10 138 169 12 131 110 132 196 52 189 0 28 163 102 183 9 69 194 46 155 140 38 139 37 182 117 50 121 197 158 13 114 190 74 81 85 78 193 181 89 16 175 109 55 94 57 111 128 141 70 195 51 25 187 87 153"
117,-274932,31248,306180,306180,"42 8 141 152 197 199 149 14 171 61 184 36 157 156 123 100 127 151 172 175 6 173 19 55 194 118 98 10 66 167 97 54 81 160 180 47 136 148 137 124 145 163 162 46 125 182 41 43 84 67 101 120 119 59 165 3 115 89 168 33 176 2 112 189 144 195 22 13 48 131 78 110 32 25 1 51 73 45 108 106 153 93 159 196 44 57 53 128 24 68 161 188 75 105 20 170 190 15 88 142 186 143 28 12 96 49 31 192 72 0 166 158 37 80 140 129 95 147 109 16 29 126 169 63 90 65 133 130 178 122 87 114 134 86 38 52 135 82 7 99 39 34 113 56 117 64 155 146 85 121 18 69 79 177 132 11 50 4 5 17 62 198 94 30 71 185 183 187 174 27 92 102 9 104 35 70 26 111 181 179 40 191"
118,-158099,21066,179165,179165,"76 128 143 178 39 5 94 186 87 132 177 51 90 8 136 99 97 175 27 126 139 105 115 24 86 145 75 79 106 13 160 73 147 68 43 45 69 22 23 12 11 44 77 144 21 78 183 110 162 196 58 100 25 121 36 107 158 125 54 71 138 37 67 46 40 65 157 171 172 18 60 4 34 29 80 35 191 163 142 41 119 146 131 38 52 118 93 179 26 164 63 16 72 188 153 124 150 168 98 184 155 32 174 91 129 161 42 82 17 114 33 181 6 120 56"
119,-175610,19568,195178,195178,"44 119 71 87 16 172 189 88 148 84 187 174 32 48 55 89 85 143 70 103 146 33 102 195 35 145 17 139 181 128 98 51 28 180 156 198 29 165 166 34 115 67 24 153 78 104 79 39 82 124 179 58 62 199 162 194 21 59 135 76 178 177 111 90 69 109 108 15 125 185 74 191 38 138 136 47 134 54 112 164 129 3 173 190 66 197 170 107 121 50 160 106 5 155 56 41 73 127 23 97 101 53 52 118 7 171 149 86 175 9 100 122 117 140 158 95"
120,-275669,35066,310735,310735,"177 114 41 86 81 116 65 31 50 61 68 44 51 62 138 85 55 189 25 157 115 82 158 77 198 132 43 18 152 153 168 102 11 159 143 197 106 92 23 4 108 54 192 3 196 75 24 167 94 84 176 57 99 48 32 164 187 73 8 113 175 39 37 136 2 121 53 180 179 64 148 105 171 117 45 122 146 22 89 173 140 137 46 69 131 34 104 127 49 100 56 142 112 125 90 169 28 130 190 178 97 109 133 60 35 66 6 58 98 17 87 149 38 88 103 156 20 30 135 52 118 185 172 13 174 128 110 162 166 7 186 12 70 95 188 141 83 126 76 101 29 96 19 107 111 199 16 0 79 155 134 42 129 181 9 26 27 33 67 191 150 161 71 14 163 10 21 123 151 72 193 144 182 63 47 184 80 124 15 120 59 165 154 78 119 195 93 74 5 91 40 183 145 170 147 1 36 194 139"
121,-95566,11987,107553,107553,"145 53 32 197 16 120 91 68 179 69 116 89 170 6 112 111 52 30 149 196 26 130 136 113 171 59 108 104 83 128 194 8 119 82 36 163 7 132 9 175 162 81 1 31 2 106 191 157 22 12 42 153 143 0 64 41 78 19 71 90 147 164 84"
122,-41821,4509,46330,46330,"143 167 49 37 45 150 6 42 27 127 29 128 83 47 34 180 149 35 99 134 63 71 92 115 40 160 135 186 155"
123,-134525,14407,148932,148932,"141 40 7 39 29 86 74 45 18 25 169 199 132 167 145 176 127 2 192 61 134 120 130 68 157 175 158 1 62 38 153 138 4 186 59 178 123 12 52 65 35 69 8 198 126 13 42 15 147 118 113 170 95 3 85 164 177 20 41 58 57 87 107 165 23 14 67 148 47 56 6 80 179 149 180 17 156 102 140 194 75 184 161"
124,-19683,2005,21688,21688,"190 84 119 159 185 9 91 106 97 34 139 129"
125,-43178,5831,49009,49009,"51 66 147 105 12 119 151 53 52 18 5 192 152 86 76 43 90 172 21 167 58 7 30 79 198 108 13 25 160 99 9 131 65 123 72"
126,-274777,35168,309945,309945,"39 12 20 88 149 172 63 174 195 49 58 123 83 170 96 107 105 52 184 110 61 26 50 127 108 4 11 180 150 73 98 133 160 187 38 75 119 147 192 199 81 29 197 114 3 46 194 22 162 15 23 97 31 189 1 193 99 146 124 138 94 8 175 157 101 100 85 153 90 27 191 118 166 183 33 198 6 155 139 137 167 67 35 41 144 47 72 28 30 188 91 120 9 102 117 87 17 140 80 115 51 36 95 148 71 116 24 14 54 104 181 129 158 25 89 182 106 152 62 56 134 141 70 132 145 76 69 156 21 169 171 7 125 111 0 32 78 164 130 176 142 126 10 177 86 43 64 59 159 13 121 79 173 161 74 57 112 163 34 131 135 18 19 185 151 48 16 154 103 55 45 2 84 60 65 190 77 128 44 66 179 82 113 136 178 168 68 165 37 143 109 122 42 93 53 92 40 196"
127,-87464,10445,97909,97909,"170 78 21 67 186 199 159 192 149 141 73 20 89 33 72 116 189 47 14 48 84 52 97 156 168 41 82 98 197 57 71 26 68 91 25 126 131 60 134 90 175 83 69 118 2 19 94 9 62 23 108 188 130 119 157 123 74 133 50 174 80 117"
128,-286184,34735,320919,320919,"162 31 69 164 135 163 48 152 179 172 43 105 191 188 194 111 121 98 192 175 90 74 157 129 106 167 0 36 112 30 32 79 102 14 39 52 150 34 8 59 42 122 171 114 12 15 89 29 50 73 174 158 7 51 117 107 60 81 125 186 116 110 198 119 23 20 130 16 166 176 145 156 5 133 37 143 17 56 124 9 165 80 67 161 2 131 97 70 115 95 63 38 72 28 149 99 71 132 68 94 35 155 77 44 83 169 113 87 199 62 45 139 22 100 140 170 19 151 177 75 173 137 61 24 65 18 120 160 21 82 146 136 64 109 103 108 181 46 183 57 11 1 49 10 180 168 189 101 123 33 127 147 148 25 26 185 91 142 159 76 55 190 58 128 184 93 6 96 118 141 27 88 126 138 197 193 85 84 153 66 196 195 144 178 78 134 54 4 3 40 86 154 53 41"
129,-240734,29893,270627,270627,"92 199 134 54 178 189 125 23 63 4 66 98 29 124 79 101 161 104 27 64 60 96 159 190 43 107 128 109 70 37 52 16 126 170 67 82 53 75 145 87 13 117 139 119 59 7 111 10 58 141 25 26 152 144 51 183 103 133 0 181 44 164 55 105 89 30 8 131 12 121 15 142 14 102 149 17 41 114 45 28 143 132 32 120 112 19 146 61 56 2 130 151 108 173 39 50 69 78 179 95 49 68 84 11 153 113 136 100 168 172 94 135 185 196 188 138 93 9 156 186 155 118 165 123 162 81 85 177 175 35 48 160 6 158 116 24 47 193 195 42 166 198 90 77 122 86 184 73 191 88 21 187 192 74 169 72 150 115 57 106 20 34 180 163 99 154 110"
130,-168883,21452,190335,190335,"51 149 89 164 174 68 108 178 119 101 22 183 168 67 50 34 133 37 186 57 43 86 166 92 38 59 181 99 198 96 103 8 104 159 171 124 120 126 36 107 102 5 114 115 147 138 3 131 158 165 197 13 46 110 30 156 11 33 129 32 23 1 163 93 74 73 72 130 42 146 161 35 151 117 28 52 105 118 79 137 128 140 70 196 111 189 82 25 106 31 191 160 14 16 98 195 60 66 125 154 71 55 135 127 84 64 48 29 6 69 170 53 61 83 87 179 175 63 100 54 26"
131,-287065,33311,320376,320376,"94 71 190 125 82 142 14 76 18 163 131 79 29 100 2 155 24 180 4 197 15 123 128 150 30 147 173 171 192 172 157 132 83 21 153 112 9 152 35 146 130 80 34 60 107 6 145 88 0 138 127 136 67 52 178 27 25 86 120 159 1 48 57 108 47 43 70 110 126 17 77 73 105 137 140 183 32 58 92 184 11 102 133 54 40 143 117 53 176 181 98 139 101 56 39 87 69 113 85 55 174 51 118 189 68 22 186 20 182 195 119 167 97 72 115 13 162 122 78 193 33 28 196 106 10 144 65 188 16 59 63 129 50 64 135 191 103 45 154 74 198 62 187 7 38 194 148 104 12 165 164 109 23 96 61 121 3 168 116 75 114 169 19 36 161 49 81 66 5 93 158 185 31 91 149 124 89 156 151 111 84 37 44 177 99 166 160 95 26 199 175"
132,-234360,25963,260323,260323,"96 173 108 70 42 91 145 181 78 121 129 36 133 37 45 84 88 119 176 73 66 74 114 43 154 4 40 0 193 44 128 139 110 118 103 155 170 186 113 125 148 82 64 97 33 153 18 109 132 197 16 98 57 134 71 10 124 75 179 41 12 11 81 196 94 192 67 93 172 31 87 60 136 120 171 50 80 85 6 159 76 162 189 135 169 126 19 5 183 25 151 63 14 38 22 149 7 68 198 175 51 107 29 28 1 79 52 49 101 185 102 27 23 34 3 152 83 95 105 9 146 160 77 55 65 112 62 111 166 17 89 147 123 46 92 161 174 59 137 58 116 178 106 61 157 195 24 194 177 21 30 165"
133,-109160,11168,120328,120328,"137 84 19 20 54 95 183 130 4 105 27 30 158 40 104 83 50 3 35 151 96 80 15 194 199 32 1 74 123 136 143 145 125 10 31 68 132 142 45 150 60 5 25 190 139 18 42 197 9 177 36 87 51 129 164 99 85 90 188 53 41 173 49 113 72 144 175"
134,-53478,5654,59132,59132,"37 67 76 36 146 49 44 79 164 104 68 113 136 122 103 18 9 19 90 45 3 123 134 193 174 87 183 139 168 117 40 2 12"
135,-118734,13405,132139,132139,"172 6 114 144 19 88 105 78 29 178 142 85 164 156 3 97 147 118 44 158 186 73 185 31 198 101 132 30 11 25 96 168 155 27 127 145 125 193 104 26 59 21 120 102 10 38 160 139 191 192 161 113 129 173 54 124 22 134 141 71 53 150 126 169 28 182 154 1 195 92 107 194 70"
136,-201314,22743,224057,224057,"44 38 195 55 118 61 80 4 92 7 77 28 60 78 10 56 79 174 40 140 81 65 63 18 74 152 121 190 193 173 148 46 136 111 169 108 84 89 102 107 110 72 21 150 75 6 176 162 2 142 186 50 163 197 146 181 98 184 156 155 48 85 58 24 133 137 188 192 69 138 49 161 187 90 88 73 97 45 26 5 134 159 157 71 119 125 151 113 35 105 29 116 165 149 106 171 135 101 183 30 76 17 0 9 95 175 87 139 170 33 115 123 112 199 191 31 182 194 12 127 122 64 32 53 185 37 47 154 141 20 100 13 43"
137,-47295,5635,52930,52930,"180 126 127 1 10 136 32 5 84 159 124 38 190 89 144 55 60 8 7 31 47 25 129 27 135 152 171 186 100 196 114 54 197"
138,-170640,18991,189631,189631,"174 155 185 10 166 175 65 148 15 63 131 58 93 24 26 74 47 84 149 177 36 77 55 182 49 141 150 6 136 78 102 123 178 71 160 172 20 133 39 70 112 33 129 162 64 186 173 79 101 9 45 16 139 113 127 118 72 95 153 99 109 4 61 122 195 163 168 18 179 54 184 17 42 75 108 40 31 41 199 11 140 35 92 197 105 94 154 25 97 130 32 76 98 170 57 134 7 132 146 34 147 161 13 169 180 116 90 114 110 183 73 120"
139,-247550,27770,275320,275320,"144 184 77 9 35 36 57 146 21 14 129 6 96 83 60 18 176 160 93 119 73 91 15 167 2 51 33 34 159 107 84 95 38 173 22 175 121 48 72 79 12 30 153 0 24 71 134 151 97 66 69 45 137 106 122 46 4 179 56 101 37 25 161 41 99 50 168 65 13 136 138 110 170 105 172 116 169 17 148 100 43 39 7 8 11 131 87 54 156 192 150 195 80 81 142 29 82 141 126 20 3 186 162 125 199 149 86 1 85 102 47 196 27 171 70 123 111 135 191 182 154 31 158 113 163 63 132 52 117 143 55 164 28 62 108 124 76 114 16 181 75 183 193 187 32 61 197 189 49 64 94 155 67 147 98 128 180 109 165 59 92 190"
140,-29055,3215,32270,32270,"122 109 182 123 131 163 138 75 169 185 0 161 106 102 141 170 35 126 21 132 103 58"
141,-221083,26240,247323,247323,"181 129 173 111 159 139 65 124 50 90 49 147 172 145 175 73 24 191 116 112 42 130 135 163 14 38 177 47 4 146 16 153 106 2 31 81 40 71 18 178 6 169 144 60 123 186 196 12 180 117 171 36 182 176 143 41 102 78 142 189 15 44 101 121 141 96 128 166 140 193 17 149 33 187 152 55 194 32 192 9 150 74 113 37 84 164 39 45 127 86 79 13 170 77 99 30 115 54 95 91 119 184 118 88 64 199 114 167 158 110 136 126 67 35 19 183 138 46 3 26 97 20 133 68 1 58 93 83 28 151 188 87 190 122 100 92 103 75 137 108 22 69 29 174 195 5 48 107 104 34"
142,-266939,31493,298432,298432,"26 91 127 16 184 115 174 138 74 175 114 145 156 97 182 159 104 53 36 42 38 32 112 62 0 4 18 61 132 196 173 168 76 171 10 43 139 73 96 78 59 33 113 25 151 129 84 131 169 125 81 179 94 186 149 98 57 51 31 60 5 152 85 82 150 144 66 136 107 197 155 188 1 134 44 92 23 58 80 108 135 8 35 89 69 148 140 54 101 79 67 9 183 167 39 63 195 118 90 163 46 177 166 185 27 120 83 170 22 119 29 190 70 157 160 199 146 21 40 68 88 52 147 86 122 121 28 45 123 193 172 154 110 64 164 153 106 192 20 133 30 105 187 161 75 100 93 117 181 13 2 37 71 141 56 95 47 198 87 158 77 12 126 99 14 11 17 176 6 3 180 41 19 130 165"
143,-120918,13545,134463,134463,"65 80 116 133 117 17 92 58 171 43 139 188 148 189 183 114 136 138 192 99 75 28 104 16 76 164 29 197 91 172 150 100 66 159 195 157 3 108 87 102 107 12 68 181 49 175 118 52 134 177 86 51 156 124 161 74 199 147 39 144 64 158 198 129 166 149 137 22 48 79 46 85 123 32 34 153 103 62 45 37"
144,-197423,19347,216770,216770,"176 177 22 120 90 10 26 142 32 122 13 132 7 85 35 55 24 96 131 41 162 101 170 100 195 74 179 5 166 44 89 18 71 63 73 115 188 126 42 149 64 133 128 159 189 151 67 61 52 27 178 106 75 169 103 33 134 34 56 108 163 174 60 196 87 198 8 30 88 185 125 104 47 16 53 20 114 23 113 81 83 180 184 182 57 14 117 2 31 190 102 36 50 95 98 110 154 138 112 68 155 65 152 129 0 43 77 136 145 69 172 3 107 45 25 186 54"
145,-7755,738,8493,8493,"61 128 35 83 39 98"
146,-65079,7635,72714,72714,"80 150 81 181 62 185 155 173 77 20 66 142 129 119 115 15 170 35 56 179 42 136 197 61 180 168 9 94 194 105 83 92 159 141 52 125 14 28 47 57 93 195 27 162 158"
147,-239472,30714,270186,270186,"32 171 113 119 193 143 159 79 183 75 173 150 156 97 24 121 192 41 170 115 59 61 134 198 188 161 58 132 19 160 60 158 157 96 162 18 34 146 172 50 145 77 116 112 14 175 70 86 46 114 186 152 179 6 88 11 71 48 12 78 7 154 66 42 28 21 166 104 57 128 29 126 139 69 22 111 40 167 30 181 33 110 2 51 35 136 3 95 151 178 165 83 195 67 20 4 148 10 184 155 153 31 127 190 180 27 23 56 37 26 182 62 163 141 164 89 130 45 169 47 93 76 5 73 109 92 63 140 9 147 52 68 74 176 38 187 0 142 118 177 108 137 90 85 174 64 107 91 82 122 106 65 101 94 81 55 189 144 103 124 98 117 138 197 123 100 84 185 191 53 196"
148,-278499,33063,311562,311562,"143 61 134 162 168 57 30 63 164 98 4 105 103 153 178 68 32 42 13 159 191 7 50 196 34 92 130 133 55 138 39 151 155 185 23 129 184 90 14 29 199 0 167 10 197 118 188 145 150 36 81 1 41 65 74 194 76 78 135 174 95 128 85 5 15 84 79 58 21 16 82 160 77 12 172 20 91 114 88 71 69 97 27 152 87 113 9 137 146 173 28 139 51 119 187 163 140 198 45 171 8 53 73 182 102 96 40 193 83 100 141 107 127 189 18 26 52 179 157 6 124 116 177 70 154 125 166 43 112 47 33 115 148 110 183 99 46 62 24 66 195 86 67 93 147 109 80 3 108 44 181 165 132 123 60 11 37 48 19 117 38 72 176 131 122 75 142 56 25 120 111 104 35 49 94 192 136 59 190 17 2 158 161 180 170 169 22"
149,-199350,24004,223354,223354,"54 154 131 180 142 100 22 193 151 90 27 82 46 41 190 34 76 111 191 86 26 10 173 109 29 172 188 12 58 130 47 72 187 127 95 199 11 112 65 106 91 121 45 89 189 152 119 18 56 139 132 28 25 70 97 83 158 120 153 43 137 122 107 116 53 35 133 77 60 79 14 168 165 160 196 33 129 64 78 185 186 159 32 73 92 169 118 115 13 84 124 123 67 3 146 114 23 21 61 164 30 147 192 19 145 16 157 144 48 0 134 40 57 181 31 163 138 150 59 141 156 128 102 36 194 2 1 51 174 37 4 74 85 42 38"
150,-131220,14043,145263,145263,"10 18 131 182 7 0 102 58 99 135 160 113 111 44 101 104 148 105 191 85 173 86 176 70 31 129 54 186 197 49 95 168 8 127 100 106 71 53 65 110 46 132 32 190 185 151 84 33 171 142 15 172 35 27 118 91 159 147 9 152 137 150 24 4 139 76 12 164 133 141 177 125 126 21 80 115 23 149 154 16 123 40 42 79 179 55"
151,-230350,29798,260148,260148,"43 85 87 139 195 29 44 33 165 102 149 184 17 8 82 32 197 138 104 127 93 0 169 173 105 107 97 176 117 16 151 188 98 120 23 196 174 90 99 69 70 170 146 54 158 24 67 18 114 164 72 163 198 166 168 94 144 100 76 135 194 118 7 91 41 89 116 48 143 178 4 92 19 28 171 68 186 175 55 14 180 108 50 25 159 61 182 27 74 5 52 121 46 110 157 40 162 141 192 83 84 79 1 142 20 106 193 156 78 9 39 160 112 77 2 38 30 65 123 71 57 31 62 49 75 191 189 152 140 37 130 21 3 56 183 136 154 132 60 35 53 22 167 63 147 11 45 153 129 103 64 155 96 58 145 133 137 111 26 59 134 66"
152,-275668,30794,306462,306462,"174 195 10 186 155 66 112 2 84 45 7 69 15 138 198 42 34 137 117 159 17 182 47 13 148 154 163 40 100 179 175 27 104 74 79 32 75 135 31 57 140 127 87 52 190 119 150 6 39 12 166 35 92 165 168 146 65 70 44 144 181 189 107 26 188 176 76 124 96 116 18 4 53 3 30 28 50 1 64 37 93 149 91 153 33 169 51 129 54 113 0 19 90 56 139 73 16 110 184 120 158 194 177 62 142 136 170 145 187 151 143 185 101 191 95 103 61 161 81 5 8 199 25 9 67 172 128 85 118 49 167 133 21 178 111 141 99 89 121 123 105 192 156 24 78 72 115 58 173 41 88 132 193 106 102 98 23 46 130 125 71 109 94 114 43 38 59 131 29 22 171 134 196"
153,-131647,16782,148429,148429,"71 184 109 105 6 164 9 108 91 104 111 98 101 185 190 34 135 112 64 118 52 132 160 183 86 27 72 14 90 13 169 100 73 93 42 106 127 96 147 82 78 43 57 55 48 76 107 69 180 172 46 193 15 156 28 26 4 161 39 94 47 134 7 187 179 177 131 141 89 23 49 148 125 191 44 5 67 121 162 53 199 170 63 66 41 60 174 189 33 2 168"
154,-62399,7901,70300,70300,"180 109 198 168 45 14 148 167 199 103 122 141 136 151 87 185 9 38 52 135 95 23 84 157 132 19 24 118 10 165 159 142 80 22 13 120 91 29 108 93 2 17 54 15"
155,-242047,28069,270116,270116,"97 98 64 162 199 85 66 173 49 28 89 189 88 143 158 61 84 11 165 119 27 8 87 74 95 48 103 73 68 137 40 0 32 51 76 10 55 157 159 127 96 117 19 197 2 107 181 195 126 177 54 69 166 57 121 183 150 105 77 62 134 24 182 174 139 16 104 75 20 147 50 152 101 9 86 128 92 118 179 82 38 29 7 198 52 63 122 65 67 53 36 188 112 30 138 56 6 46 45 191 120 194 136 1 141 22 35 115 33 168 43 167 18 178 196 164 37 71 135 155 149 130 154 156 14 132 144 185 187 3 94 153 83 5 110 80 99 160 171 42 44 146 125 190 17 131 163 91 129 13 31 109 116 113 34 26 15 161 102 186 172"
156,-184833,21684,206517,206517,"47 106 3 172 105 115 92 0 6 132 11 22 171 20 174 191 122 134 38 67 1 98 136 88 53 40 149 152 130 10 111 90 12 194 76 54 160 89 24 158 50 2 167 175 86 23 199 162 124 13 126 112 147 83 100 185 94 43 75 29 123 128 26 165 9 109 146 21 73 189 159 182 44 161 61 62 51 96 176 18 187 8 188 177 70 195 127 5 150 129 121 60 197 179 97 118 46 114 77 164 59 151 119 33 166 170 27 93 156 49 135 16 99 55 72 116 35 32 117 17 37 157 7 138"
157,-26306,3519,29825,29825,"109 8 38 101 91 5 28 135 114 140 44 153 13 173 128 70 129 59 24"
158,-36908,4109,41017,41017,"147 71 26 148 143 22 192 59 69 17 157 146 138 84 9 55 91 121 87 191 134 39"
159,-140149,16168,156317,156317,"153 47 185 188 115 51 1 168 6 106 197 77 62 9 90 98 196 167 100 148 61 68 178 11 76 39 121 20 120 78 179 116 122 170 86 177 111 149 194 70 83 142 151 155 189 17 104 30 133 89 59 140 45 129 181 113 85 94 199 96 79 187 10 114 164 32 195 186 141 65 64 40 156 134 135 171 144 87 73 22 26 57 138 105 69 25 182 7 158 71 99 143 38 75 163"
160,-260617,32247,292864,292864,"58 18 40 102 149 130 96 122 127 38 4 177 167 117 103 52 22 108 159 51 180 124 87 185 25 23 49 80 76 37 193 121 16 19 189 65 89 166 74 50 133 137 151 175 138 182 187 136 54 100 26 110 161 92 119 112 164 33 128 91 95 107 171 66 106 131 61 139 184 172 118 10 199 14 192 145 81 93 46 148 31 120 70 69 53 27 2 170 11 123 190 57 78 56 114 77 62 176 85 129 35 55 109 5 45 195 43 20 88 98 68 150 0 165 144 30 47 154 29 71 126 160 113 3 99 191 79 125 132 101 67 141 39 21 158 146 63 6 84 181 83 82 198 111 197 140 72 36 15 48 153 42 86 1 115 116 32 17 75 169 94 59 186 147 163 152 174 178 157 196 24 143 183 194 8 64 173 179 142 34 60 90 97 73"
161,-183682,20918,204600,204600,"55 161 141 45 3 121 23 112 124 194 4 160 97 18 163 100 56 11 182 43 21 46 132 136 115 168 195 40 130 29 10 14 59 134 8 159 156 127 144 109 17 175 122 65 87 129 9 52 169 49 62 172 189 47 149 188 120 19 94 15 183 131 167 79 197 67 178 193 187 107 199 104 191 75 91 34 78 146 24 137 177 158 26 184 150 174 28 179 103 90 110 73 5 42 147 22 44 77 196 198 186 2 166 57 81 98 33 192 80 35 92 13 16 170 105 12 50 54 63"
162,-139463,16105,155568,155568,"166 185 119 114 121 38 194 88 36 13 188 68 31 62 175 102 139 134 96 21 2 162 118 34 17 46 63 142 0 82 30 64 28 197 181 130 67 125 78 182 107 151 180 37 84 48 174 9 117 49 11 170 178 179 65 81 1 171 69 51 44 138 196 157 147 193 116 155 176 40 146 56 20 95 98 160 101 189 97 19 115 153 86 161 91"
163,-177685,21639,199324,199324,"1 145 44 37 96 23 63 77 12 2 142 133 29 24 39 173 56 54 69 85 172 128 72 167 105 112 104 88 16 191 156 74 95 27 103 73 117 32 19 158 141 169 190 119 125 164 100 118 15 108 185 33 91 30 121 61 101 62 5 193 64 3 113 147 148 138 135 81 87 76 0 65 182 179 18 102 126 114 196 143 28 171 89 25 4 9 94 157 48 154 110 115 93 17 59 192 90 168 46 176 22 97 82 84 124 35 163 127 146 165 139 170"
164,-271462,31562,303024,303024,"103 32 95 160 139 121 85 146 108 167 188 135 182 27 58 86 162 126 55 177 42 175 124 154 14 67 72 53 101 8 7 164 88 155 125 193 68 87 26 45 52 122 48 69 41 110 184 170 149 76 148 171 83 50 145 25 97 181 143 151 166 134 172 118 61 36 191 113 16 152 59 94 197 120 44 18 105 90 17 186 98 127 62 10 100 39 133 123 73 54 173 129 99 144 74 161 198 89 190 60 21 174 33 183 47 158 96 102 28 107 5 77 19 111 2 176 82 49 147 12 64 159 168 11 196 20 180 109 40 187 138 3 15 142 81 185 13 30 119 9 194 117 65 80 70 179 4 178 137 130 93 46 156 92 104 63 29 150 195 75 79 57 34 132 131 35 140 165 38 51 112 6 169 43 106 37 1 192 56 128 66 78 84 22"
165,-147568,16378,163946,163946,"86 124 193 191 160 50 84 40 61 141 78 64 98 85 13 159 1 65 20 168 42 48 57 29 112 135 17 176 178 14 54 0 37 180 34 27 116 79 49 38 125 5 21 146 179 60 194 23 174 62 43 59 196 120 100 156 172 161 36 46 66 3 28 6 155 67 91 69 189 19 26 103 7 121 99 109 95 18 198 113 165 2 77 76 181 83 63 15 188 138 88 186 96"
166,-242289,27466,269755,269755,"175 96 117 11 181 61 80 150 68 53 35 120 95 105 183 75 107 103 4 168 143 88 186 6 163 151 148 173 8 198 141 138 24 162 71 67 114 36 106 134 160 127 14 37 169 45 115 190 16 170 58 137 172 166 132 47 42 192 69 91 123 5 154 57 56 176 86 74 50 49 52 195 28 34 62 193 38 30 140 17 122 157 60 174 197 70 85 66 113 165 133 131 29 111 124 189 130 139 149 84 0 76 7 152 125 43 44 187 99 161 93 9 27 100 177 65 128 18 167 116 98 121 79 112 97 144 182 2 26 77 146 126 158 147 72 145 119 12 142 185 3 155 136 21 184 194 153 135 171 59 109 180 178 19 159 191 33 164 188 110 1"
167,-169978,20837,190815,190815,"113 30 148 82 108 102 166 94 99 23 111 80 66 51 152 123 28 8 77 42 121 56 124 176 0 147 116 138 2 196 183 52 61 119 34 58 67 155 81 21 179 122 163 140 145 20 45 68 91 86 188 36 151 64 33 110 172 83 193 4 195 16 53 128 126 139 41 184 84 135 71 63 17 170 43 47 161 194 117 35 186 46 181 158 167 95 32 177 79 49 118 13 150 164 88 137 85 1 160 19 90 93 29 153 174 87 149 182 18 104 189 22 136 178 26 169"
168,-199885,21385,221270,221270,"180 56 11 80 42 2 21 147 17 53 141 32 125 196 22 15 140 55 29 136 183 106 158 121 164 30 79 39 37 16 168 142 197 72 118 175 18 186 65 135 115 19 10 33 76 163 67 137 132 162 165 187 43 179 185 69 153 31 82 170 160 101 146 25 89 129 14 130 24 78 83 131 194 128 107 116 47 35 90 171 156 3 104 97 152 199 172 49 95 93 41 0 75 134 20 13 188 122 58 109 46 4 59 189 50 193 195 108 6 64 71 48 100 51 154 151 63 27 150 191 169 126 52 111 139"
169,-115345,12717,128062,128062,"176 180 114 67 111 131 70 179 58 145 36 178 147 135 186 143 102 188 149 118 165 72 164 133 190 183 62 49 115 65 88 127 144 130 107 113 182 92 162 37 35 120 57 11 10 87 16 32 106 146 40 19 43 99 50 93 64 46 73 75 30 121 34 13 82 90 195 55 54 110 199 77"
170,-67342,9505,76847,76847,"140 111 169 75 142 104 49 60 62 86 161 14 95 192 59 19 120 1 79 83 20 189 25 44 92 154 158 80 37 57 94 144 174 93 105 156 82 114 89 101 197 12 186 81 106 194 109 167 141 5 71 54 163 137 152"
171,-227646,26430,254076,254076,"179 45 107 18 0 5 7 151 146 66 160 28 88 13 57 15 87 178 92 36 119 31 158 99 166 51 2 12 118 49 71 186 155 41 124 129 47 196 80 27 90 126 25 161 21 199 38 43 39 164 144 150 152 77 104 50 20 162 172 183 106 137 112 168 109 130 6 78 157 54 23 185 181 132 120 174 136 167 187 24 141 117 121 89 139 64 55 91 176 33 190 116 197 113 195 153 70 14 171 192 32 29 100 10 73 156 138 86 133 46 198 44 184 97 48 30 17 177 169 111 81 75 22 175 145 101 125 37 163 63 52 72 19 114 74 173 3 69 182 11 26 34 103 94 83"
172,-297480,35038,332518,332518,"147 23 130 168 144 3 189 37 36 138 180 171 9 53 191 114 76 68 181 129 93 25 148 74 162 169 56 100 104 154 135 107 117 113 88 80 31 32 128 123 50 57 141 143 29 15 38 95 62 197 8 160 91 105 175 84 131 72 27 1 177 13 5 16 101 64 63 163 156 120 152 161 75 190 178 69 183 188 133 150 54 97 119 166 149 187 199 137 134 194 21 40 52 153 60 71 46 165 20 132 145 41 103 167 78 47 158 98 155 42 85 122 142 28 121 19 2 33 4 172 112 164 174 39 81 184 6 89 0 35 139 140 26 7 176 118 30 77 94 192 24 73 170 116 159 185 86 106 14 136 115 186 92 182 45 125 96 65 12 102 127 10 11 198 51 48 34 55 157 151 58 67 110 22 82 99 109 59 83 196 87 18 70 49 66 179 111 79 90 173 17 124 108 44 43 61 146"
173,-47620,5889,53509,53509,"44 56 154 158 61 5 9 93 157 64 159 166 6 150 104 13 182 187 92 199 22 81 141 183 37 34 145 59 165"
174,-28851,3828,32679,32679,"59 49 19 106 76 28 166 116 143 174 110 22 2 50 149 23 7 35 195 123 162 197 139 118"
175,-154949,20252,175201,175201,"168 110 131 33 61 189 112 41 140 161 34 183 162 170 53 8 163 21 75 44 49 196 12 24 134 156 14 181 175 92 174 59 115 28 91 100 105 68 182 114 88 32 159 191 97 19 47 4 146 25 121 65 109 129 128 85 195 5 130 7 154 167 116 86 160 6 67 145 95 107 138 20 80 13 81 16 144 62 153 3 188 155 197 35 9 127 177 2 46 51 139 124 29 180 69 133 93 55 23 198 101 98 125 31 113 43 123 56 169 90 132 179 45"
176,-17149,2286,19435,19435,"15 107 11 176 159 170 35 20 187 44 137"
177,-64131,7122,71253,71253,"29 164 133 176 103 79 56 175 88 33 14 57 154 174 98 138 135 64 188 185 158 173 80 102 49 38 21 130 134 153 117 8 59 157 5 6 104 81 50 22 97 65 30 132"
178,-83534,10981,94515,94515,"140 118 31 139 155 91 33 42 30 109 26 112 130 106 196 46 34 9 124 41 193 76 105 81 150 121 162 163 93 5 135 148 145 90 73 84 0 62 8 197 158 20 127 154 18 37 23 59 198 36 187 35 19 11 47 137 157 181 67 185"
179,-255472,30769,286241,286241,"88 179 191 157 163 117 145 169 40 104 26 94 195 77 198 152 16 190 28 97 81 149 23 139 107 3 33 133 12 69 48 196 24 123 68 111 0 86 46 106 192 128 132 84 90 31 91 130 160 82 199 30 5 101 13 79 15 159 105 178 137 150 39 109 4 156 49 129 11 102 9 95 170 167 52 64 176 7 138 83 183 22 141 114 110 172 38 119 115 66 166 131 19 29 61 153 134 127 144 70 168 65 56 136 6 17 175 50 35 182 151 118 193 186 78 2 74 36 173 148 63 194 57 14 108 124 158 165 181 92 161 113 21 59 99 62 34 89 135 126 142 96 71 1 27 197 174 73 72 147 87 18 162 188 75 32 80 187 125 37 189 164 185 41 44 51 54 154 60 53 47 85 42"
180,-280587,30710,311297,311297,"180 90 190 55 63 156 74 149 120 43 81 54 27 44 132 185 183 31 22 30 157 71 47 105 77 189 103 34 29 62 179 9 66 154 142 7 73 197 92 162 100 33 198 25 4 199 2 23 140 107 83 119 193 56 46 13 122 49 97 15 147 196 186 166 144 75 82 172 5 60 65 113 109 124 36 99 108 76 50 61 38 95 141 28 59 114 45 64 136 129 116 130 1 155 40 53 78 134 158 41 21 145 153 177 135 24 161 58 93 48 159 191 167 42 128 6 88 148 165 35 101 160 79 26 121 37 127 86 17 89 94 69 181 67 14 175 87 182 131 137 84 68 110 70 20 91 195 163 194 139 152 123 12 192 111 178 174 80 125 16 57 117 98 8 164 138 10 176 85 104 18 151 184 102 96 168 19 143"
181,-206882,25475,232357,232357,"68 49 11 2 15 17 24 192 5 157 35 146 143 9 180 124 167 19 61 111 90 42 85 71 53 159 7 186 77 22 94 169 165 197 32 97 83 87 174 0 74 168 14 16 182 144 1 66 54 185 80 20 64 137 37 25 6 82 162 181 105 152 158 178 123 86 193 12 145 60 39 170 70 164 21 50 114 93 155 109 141 40 27 132 84 76 187 18 73 69 52 23 79 125 55 136 30 195 198 58 62 63 130 166 175 179 148 129 95 43 172 116 89 113 118 45 104 117 156 103 189 56 106 161 41 138 100 191 133 51 59 115 121 112 153 134 102 29 126 28 33 196 173 26 135"
182,-189791,23374,213165,213165,"199 113 0 95 115 5 86 192 62 91 69 145 75 124 175 14 16 153 185 54 3 19 114 118 137 152 36 83 129 149 193 165 110 82 132 39 187 97 37 71 1 22 117 108 169 88 166 10 150 104 116 34 183 131 93 156 148 133 80 76 186 174 102 27 107 144 164 94 195 92 53 112 172 151 161 8 105 11 72 190 128 182 154 181 177 70 191 159 6 65 25 126 180 73 155 51 44 68 139 74 136 64 85 167 163 17 103 20 98 15 61 141 135 176 67 60 170 18 43 55 33 171 100 79 157 21 57 99 120 130 198 138 13 59"
183,-220364,27059,247423,247423,"111 130 173 62 185 52 54 179 193 142 177 103 78 180 81 28 80 19 118 39 197 26 50 89 63 196 172 136 10 9 73 144 165 145 20 131 166 92 97 100 170 148 140 55 126 139 134 88 15 194 150 102 106 123 137 41 79 11 48 153 60 30 192 174 186 168 125 113 198 181 21 25 169 175 120 47 178 94 27 143 87 155 101 44 77 85 64 156 184 18 164 93 14 17 40 53 3 29 110 71 83 158 160 105 124 91 36 107 154 190 117 108 167 69 129 31 157 45 86 38 76 24 34 74 138 147 195 162 4 56 99 149 32 8 46 82 127 23 49 12 121 199 132 135 171 191 72 112 115 0"
184,-17988,2280,20268,20268,"198 106 50 160 176 31 8 82 129 84 150 147"
185,-228537,26814,255351,255351,"16 54 84 121 69 114 139 146 55 53 34 93 20 32 27 167 145 180 25 45 181 46 88 172 40 152 4 3 75 37 14 133 137 65 47 132 74 89 108 195 147 171 159 168 50 107 102 98 177 100 118 58 24 182 193 123 194 64 115 138 41 127 22 63 174 97 197 31 143 94 156 5 78 52 198 10 9 189 82 0 39 43 1 176 190 140 66 134 96 151 7 12 85 86 199 122 62 73 33 36 183 173 144 124 103 160 165 162 185 169 90 142 112 106 128 2 105 81 15 95 99 83 163 79 158 59 109 148 166 61 164 6 18 91 51 126 136 179 149 38 154 44 116 11 110 71 72 49 150 70 80 117 21"
186,-163050,19301,182351,182351,"161 13 184 83 96 65 153 135 112 90 154 60 44 193 172 138 68 108 165 159 22 51 33 81 49 66 100 104 21 113 16 176 167 7 179 197 45 120 11 71 166 6 155 109 54 86 56 26 85 140 47 48 123 5 57 94 119 59 178 168 93 110 173 147 156 133 194 62 128 72 162 30 10 14 126 64 116 171 190 98 111 70 199 27 79 180 152 127 117 160 124 143 115 69 37 95 74 24 84 89 142 118 73 136 129 99 77 75 36 80"
187,-151051,19254,170305,170305,"157 88 165 149 58 46 60 122 117 143 137 65 174 183 32 150 188 17 138 123 113 91 128 89 102 196 120 35 164 131 67 13 129 27 181 135 140 105 197 180 37 3 76 146 18 104 77 53 101 39 72 9 14 4 160 190 177 34 23 29 73 168 54 85 124 26 118 36 61 95 176 66 184 78 86 156 92 187 189 30 90 173 47 74 19 161 82 79 126 24 191 144 94 186 49 166 99 109 145 10 55 31 83 152 171 179 119 50 153 106 141"
188,-222947,26015,248962,248962,"65 11 58 54 133 2 184 16 154 25 83 100 21 70 6 68 111 33 88 81 108 57 27 20 12 140 149 102 26 116 36 0 185 32 51 60 169 135 90 76 50 173 85 71 188 22 78 164 56 95 98 118 122 189 107 19 163 183 194 59 41 1 15 145 139 187 105 143 159 89 166 126 161 170 144 120 38 171 79 82 30 31 48 45 18 109 93 40 29 177 7 129 151 193 63 127 156 157 128 162 92 87 191 35 9 67 198 114 178 141 190 61 182 197 119 91 112 14 73 104 17 96 167 125 28 44 74 180 130 134 142 23 179 72 186 158 3 13 86 152 155 39 136 117 199 195 99"
189,-149479,18787,168266,168266,"102 194 16 191 94 2 44 58 189 74 79 115 128 49 135 30 164 176 5 11 72 32 122 59 54 77 131 155 147 141 27 133 8 105 110 97 182 157 85 88 168 37 87 160 197 40 152 43 45 106 57 159 134 109 101 190 166 61 25 161 1 76 188 170 20 19 7 137 63 111 56 14 23 13 146 139 0 92 24 42 127 114 3 52 153 26 51 142 129 39 21 199 46 65 78 165 148 123 169 29 172 163 150 22 185 73 145 53"
190,-2908,1002,3910,3910,"19 196 145 98 74"
191,-204135,22817,226952,226952,"33 193 107 169 30 36 103 154 14 66 189 158 181 10 97 44 165 140 17 93 50 68 142 114 100 46 199 155 86 51 180 94 173 82 70 63 194 197 106 45 53 164 177 49 152 170 176 175 143 34 23 126 92 28 24 190 130 183 110 148 129 135 88 54 146 25 98 195 174 111 29 2 62 167 39 48 73 91 166 134 102 20 55 32 127 101 162 59 128 96 90 136 76 26 21 133 145 139 185 6 159 123 43 40 35 84 71 112 161 153 87 3 81 156 69 56 196 171 120 178 61 138 83 5 4 16 8 1 37 89"
192,-44153,5052,49205,49205,"74 85 27 21 45 146 137 118 153 18 16 180 10 23 115 56 166 174 195 111 54 127 105 183 34 0"
193,-103491,12377,115868,115868,"130 116 145 103 19 49 83 190 100 136 3 132 121 155 108 25 129 34 104 14 56 64 199 53 171 126 60 75 44 183 186 113 26 159 143 46 1 156 69 157 167 184 89 36 161 166 173 50 137 141 131 70 17 140 12 109 101 179 30 162 114 67 175 188 18 120"
194,-28069,3355,31424,31424,"186 116 125 72 56 142 14 173 62 25 17 76 163 102 7 8 171 168 24"
195,-264789,32716,297505,297505,"105 191 79 82 187 58 87 63 36 10 122 78 143 12 142 121 101 52 140 83 86 163 16 40 23 116 182 165 75 195 153 154 67 156 118 111 129 188 55 138 178 73 100 106 95 39 109 147 131 185 26 145 38 146 190 103 193 6 159 155 189 93 107 43 17 174 37 198 161 102 115 132 197 173 69 158 62 90 196 28 94 149 99 22 5 128 31 168 21 29 60 85 11 15 74 112 110 120 104 150 54 30 167 177 96 164 76 194 27 127 20 139 148 1 98 50 134 125 25 42 84 49 114 108 66 183 72 14 170 184 3 68 137 172 152 46 4 32 34 166 7 199 80 9 35 33 136 18 48 8 97 45 77 64 186 180 71 181 141 135 151 47 44 56 175 89 117 130 24 57 19 13 65 0 59 70 119 61 176 2 88 179 157 171 91"
196,-238939,27394,266333,266333,"93 10 1 8 22 153 6 64 44 36 19 52 133 137 169 102 80 108 85 128 104 118 107 180 171 98 189 68 79 131 129 9 113 88 143 117 89 120 134 196 109 15 142 105 74 123 76 100 135 86 136 179 192 181 170 166 23 29 130 157 132 146 150 82 37 175 145 13 158 21 87 183 144 188 39 24 16 161 178 67 106 83 99 11 73 194 159 65 112 119 57 176 4 42 35 47 147 162 115 61 139 173 154 72 125 174 103 71 168 185 77 55 116 190 12 177 46 182 14 127 49 172 156 199 197 78 148 193 90 163 160 25 34 152 114 167 31 18 138 151 3 43 58 50 124 81 94 59 186 51 155 195 56 26 97 121 101"
197,-258078,31741,289819,289819,"48 116 144 126 94 109 184 154 52 150 53 67 161 39 153 1 57 75 101 44 199 178 24 143 176 11 68 49 61 162 128 186 103 179 191 30 192 185 72 112 93 36 142 194 158 172 136 45 9 99 64 65 3 193 139 127 156 131 195 119 13 90 120 175 122 164 12 173 60 71 174 87 148 66 77 2 198 196 37 10 50 79 26 20 170 118 188 43 133 19 132 181 62 6 86 22 138 106 27 117 160 47 105 31 25 0 84 28 155 130 114 58 115 141 157 4 16 35 183 59 129 95 187 82 7 151 74 177 21 23 182 197 78 76 167 29 18 85 56 33 171 63 54 159 55 81 98 32 5 123 41 80 140 73 111 100 17 134 91 180 8 168 88 96 145 124 147 97 169 108 121 92 146 163 125 152 42 15"
198,-119208,13069,132277,132277,"61 37 10 85 69 162 130 147 67 107 117 142 62 135 105 175 34 22 120 55 45 86 20 144 70 59 109 66 121 100 94 131 119 128 26 136 8 145 68 74 15 139 60 95 2 199 64 7 47 35 39 116 141 87 195 164 111 180 77 150 78 191 103 163 122 96 28 24 124 190 89 134 21 156 50 125 53"
199,-109181,13613,122794,122794,"45 4 60 112 38 153 61 102 185 31 149 137 83 6 10 156 86 142 163 159 198 180 73 16 19 101 89 151 129 157 158 97 175 79 18 139 184 36 24 23 88 80 161 56 15 30 182 33 67 132 144 171 195 160 155 72 134 12 140 177 123 66 147 32 172 167 145 176 194 17 106 154 98 120 74 46 2 34 78 93 192"
